"name","title","authors","institutions","abstract"
"Cris Kocian","Experimental Constraints on the Origin of ^{13}C-Depleted Martian Sediments in Gale Crater","Cris Kocian^{1}, Christopher House^{1}, Jennifer Stern^{2}, Steven M. Bates^{2}","^{1} Department of Geosciences, The Pennsylvania State University, University Park, PA, USA\n^{2}NASA Goddard Space Flight Center, Greenbelt, MD, USA","In Gale Crater, the Curiosity rover foundorganic molecules with a wide range of carbon isotopic compositions. Methane (CH_{4}) released during pyrolysis by the Sample Analysis at Mars (SAM) instrument exhibits δ^{13}C values in the range of –137 ± 8‰ to +22 ±10‰. Ten of the twenty-four samples in this dataset are strongly depleted in ^{13}C(δ^{13}C < –70‰). Two hypotheses to explain this ^{13} Cdepletion with abiotic processes are 1) contamination of the derivatizing agentN-tert-butyldimethylsilyl-N-methyltrifluoroacetamide (MTBSTFA) and 2) photochemical deposition of formaldehyde (HCHO). MTBSTFA, which is present inthe background of the SAM instrument, has a δ^{13}C value of about –35‰and would produce CH_{4} if pyrolyzed. Alternatively, ultravioletradiation in the Martian atmosphere photolyzes carbon dioxide (CO_{2}) into carbon monoxide (CO) depleted in ^{13}C with a δ^{13}C ofapproximately –150‰. If this ^{13}C-depleted CO is furtherphotochemically reduced to HCHO it could deposit onto the surface and bedetected by Curiosity.\nTo test these hypotheses, we simulated SAMpyrolysis conditions in the laboratory and measured CH_{4} productionand carbon isotope fractionation from candidate compounds. Tetrakis (trimethylsilyl) silane (TKS) was used as an analog for MTBSTFA. Pyrolysis of TKS at low (75℃) and high (455℃) temperature cuts produced CH_{4}with δ^{13}C values from –49‰ to –43‰, which are not depleted enough toaccount for lower SAM measurements. In contrast, pyrolysis of HCHO at the sametemperature cuts produced primarily CO and minimal CH_{4}. Despitelower CH_{4} yields, HCHO derived from ^{13}C-depletedatmospheric CO could reproduce the SAM δ^{13}C values if the isotopiccomposition of photolyzed CO is retained. These results support photochemicallyproduced HCHO as a more likely abiotic source of the ^{13}C-depleted CH_{4}detected by Curiosity than MTBSTFA contamination."
"Liz Tofte","Quantifying Seasonal Sea Ice Melt and Sediment Plume Development at Arctic River Mouths","Liz Tofte^{1}, Anastasia Piliouras^{1}","^{1} Department of Geosciences, The Pennsylvania State University, University Park, PA, USA","The Arctic is warming at more than four timesthe global average. This warming has led to significant changes in Arctic riverhydrology, including increased discharge, greater sediment supply, and earlierspring freshet onset. These upstream changes affect the coastal zone – dynamicland–ocean interfaces where seasonal riverine and oceanic processes regulateprimary productivity – making them particularly vulnerable to climate change. Coastal sea ice melt and sediment plume development are two seasonal processesthat directly respond to freshwater, heat, and sediment export from rivers, yetthey remain under-observed. Quantifyinghow these processes behave and change over time can provide insight into howthe coastal zone is responding to changing hydrology.\nThis study investigates six major Arctic rivermouths: the Yukon, Colville, and Mackenzie in North America, and theOb-Yenisei, Kolyma, and Lena in Eurasia. The objectives are to (1) characterizetypical seasonal patterns of coastal sea ice melt and sediment plumedevelopment, (2) assess changes over two decades, and (3) compare variabilitybetween systems. Sea ice and plume behaviors were analyzed using MODIS-derivedsea ice products and MODIS imagery, respectively.\nResults show that river mouths follow twoprimary ice melt regimes: initiating directly at the shoreline *{or} atoffshore flaw leads, suggesting differences in dominant processes drivingcoastal ice melt initiation. As temperatures continue to increase into thesummer, sediment plumes develop, with turbidity peaking in early summerfollowing snowmelt and occasionally in late summer due to storm-drivenresuspension. Eurasian rivers show significant trends in sea ice behavior, including a shortening melt season at the Lena and Ob–Yenisei and earlierlandfast melt at the Kolyma. Across all systems, sediment delivery to the coastis occurring earlier, with significantly earlier plume onset at the Lena, Kolyma, and Mackenzie. Overall, Arctic coastal processes are shifting inresponse to rapid warming, though the magnitude and timing of change vary amongriver systems, reflecting strong local controls."
"Renan Beckman","Exploring zircon dark zones throughcathodoluminescence and trace elements: New insights from the Ruby Star Granodiorite, Arizona","Renan Beckman^{1}, Herve Rezeau^{2}, Erik Schoonover^{1}, Maureen Feineman^{1} , Jesse Reimink^{1}","^{1} Department of Geosciences, The Pennsylvania State University, University Park, PA, USA\n^{2} Earth Resources Laboratory, Department of Earth, Atmospheric and Planetary Sciences, Massachusetts Institute of Technology, Cambridge, MA, USA","Copperis critical to the global energy transition, and demand is rising rapidly. The main global copper sources are Porphyry Copper Deposits (PCDs). New PCDs are becoming more challenging to find, and major discoveries from thepast decade are being found deeper in the subsurface. To improve explorationstrategies, a holistic understanding of the processes that drive PCDemplacement is required.\nRecent work has focused on accessory igneousminerals (e. g. zircon, apatite) within intrusions associated with PCDs asrecorders of magmatic and hydrothermal evolution. Zircon textural featuresrevealed by Cathodoluminescence (CL) record variations in the chemicalevolution through its characteristic oscillatory growth zoning. This studyspecifically focuses on zircon “dark” growth zones that are commonly observedin porphyry intrusions, yet poorly studied (e. g., Bajo de la Allumbrera; Buretet al., 2016). In Bajo de la Alumbrera, zircon dark zones display anomalously high concentrations of uraniumand rare earth elements (REE), and are interpreted as relics of a maficrecharge event (Buret et al., 2016).\nTo test petrogenetic models for zircon darkzone growth, and their possible usefulness as a geochemical vector for PCDs, zircon grains from the Ruby Star Granodiorite associated with world-classsierrita PCD were depth profiled via Laser Ablation Split Stream Inductively Coupled Mass Spectrometer (LASS-ICP-MS). Zircons from the Ruby Star Granodiorite commonly exhibit dark growth zones characterized by enriched U, Th, and REEs. After rotating these grains 90º and polishing to expose the depthprofile, we use SEM imaging and electron microprobe analyses to evaluate themorphology and chemistry of zircon grains. Here we present these findings anddiscuss their implications for the petrogenetic mechanisms that form zircondark zones in intrusions associated with PCDs, and evaluate their potential tobetter understand emplacement and as a geochemical indicator to identify“fertile” intrusions."
"Lillian Miller","Using InSAR, SAR Offset Tracking, and GNSSto Investigate the August 28, 2020 Bedrock Landslide Within the Irazú-Turrialba Volcanic Complex, Costa Rica","Lillian Miller^{1}, Dr. Christelle Wauthier^{1}, Young Cheol Kim^{1}, Cyril Muller^{2}, Esteban Chaves^{2}","^{1} Department of Geosciences, The Pennsylvania State University, University Park, PA, USA\n^{2} Observatorio Vulcanológico y Sismológico de Costa Rica (OVSICORI-UNA), Universidad Nacional, Costa Rica","The presence of landslides in volcanicsettings is a significant threat, as large landslides on volcanic edifices canlead to cascading hazards, including smaller landslides, debris avalanches, ormagma chamber depressurization. On August 28, 2020, the Volcanological and Seismological Observatory of Costa Rica (OVSICORI) observed a landslide in avalley adjacent to Irazú Volcano. The landslide occurred within the Irazú-Turrialba Volcanic Complex outside of San José, Costa Rica. Turrialba, the second volcano within the complex and just 10 km from Irazú, saw renewedactivity beginning in 2010 and continuing through 2022 and has sparked concernof potential reactivation of Irazú and associated hazards. The cause of thislandslide is currently unknown, but the renewed activity at Turrialba hintsthat the landslide may have been driven by underground magmatic activity withinthe volcanic complex. We propose to leverage optical and radar imagery intandem with Global Navigation Satellite System (GNSS) positional data toanswer: (1) was the August 28, 2020 landslide initiated by renewedmagmatic movement below the Irazú-Turrialba Volcanic Complex? And (2) was subsidence a precursor to the landslide? We hypothesize that thelandslide was not caused by renewed magmatic movement and that subsidence was aprecursor to the landslide. GNSS results show the landmass experienced 3.5m of accelerating subsidence over three years leading up to the landslide, with4 m of subsidence occurring during the landslide. However, Interferometric Synthetic Aperture Radar (InSAR) analysis of Sentinel-1 C-band SAR data reveals> 1 m of subsidence across the same period, likely due to high rates ofdeformation, fast temporal decorrelation, and vegetation within the volcaniccomplex. Continued work is being done to leverage offset tracking with Planetoptical data and high-resolution COSMO-Sky Med X-band SAR data to capture thedisplacement and more accurately match the GNSS displacement of the landmass."
"Ethan Heidtman","Modeling and mitigation of riverinesaltwater intrusion hazards using reservoir operations: a case study in thetidal Susquehanna River","Ethan Heidtman^{1} and Antonia Hadjimichael^{1, 2}","^{1} Penn State University Department of Geosciences\n^{2} Penn State University Earth and Environmental Systems Institute","Multi-purpose reservoirs are criticalinfrastructure for the management of water resources, and reservoir operationsmust often balance multiple competing water demands. Climate change is animportant threat to the resiliency of water resources in these reservoirs, asit can limit the efficacy of historical operations strategies as well as waterdemands and availability. The Conowingo Reservoir, a large multi-purposereservoir located in Pennsylvania and Maryland along the Susquehanna River, hasbeen managed actively for decades, yet current operating policies fail toadequately account for internal system variability and emerging threats toregional water resource reliability. Havre de Grace, Maryland, a smallcommunity at the mouth of the Susquehanna River, sources drinking water fromthe river, and during periods of low riverine freshwater flow and certainweather conditions, saline waters from Chesapeake Bay can intrude upstream, degrading public water supply and corroding infrastructure.\nTo address this emerging problem, we firstdevelop a statistical model for saltwater intrusion at the Havre de Gracedrinking water intake using historical discharge, tide, and wind data from 2007– 2024. Salinity responses to wind and tidal forcing under low flow conditionsare rare and nonlinear, such as in October 2016, when drinking water exceededthe EPA Secondary Standard for Total Dissolved Solids for a 2-week period. These events highlight the need for targeted reservoir releases prior to and duringsalinity events, and results indicate that the model can identifyintrusion-prone conditions more than 10 days in advance. Future work willincorporate this forecast model into a simulation-optimization framework forthe Conowingo, training adaptive, state-aware, and dynamic release policiesthat release water from the reservoir downstream to flush out intrudingsaltwater while continuing to satisfy pre-existing regional water demands."
"Arthur Lo","Analysis of Ground Deformation Precedingthe December 2020 – May 2021 Summit Eruption at Kīlauea Volcano, Hawai’i","Arthur Wan Ki Lo^{1}, Christelle Wauthier^{1, 2}, Young Cheol Kim^{1}","^{1} Department of Geosciences, The Pennsylvania State University, University Park, PA, USA\n^{2} Institute for Computational and Data Sciences, The Pennsylvania State University, University Park, PA, USA","The 2020 summit eruption at Kīlauea Volcano, Hawai’i marked a new phase of eruptive activity at Kīlauea’s summit followingthe end of the 2018 Lower East Rift Zone eruption. Seismicity and grounddeformation had been reported prior to the eruption, including an intrusionbeneath the summit caldera on 2 December 2020. To investigate the geometry andvolume of the 2 December intrusion, we processed interferograms using ascendingand descending orbit Sentinel-1 SAR data with acquisition dates spanning 2 December2020. To investigate long-term summit deformation prior to the eruption, wealso processed Interferometric Synthetic Aperture Radar (InSAR) time-series ofKīlauea using data from Sentinel-1 satellites (January to mid-December 2020).\nFor the interferograms, we measuredline-of-sight (LOS) displacements ranging from about 14 to -2.8 cm and 7 to-4.2 cm respectively for the ascending and descending orbit interferogram. Weinverted the LOS displacements and modelled the intrusion using analyticsolutions for point source, rectangular dislocation, penny-shaped crack andspheroid models in an elastic half space. The deformation coincides with thelocation of a linear feature within the summit caldera, which suggests thatdeformation observed in early December 2020 could be associated with movementalong a caldera fault.\nUsing the time-series, we found a steadyincrease in LOS displacement within the caldera. We separated the time-seriesinto 3 periods: P1 (January – early November), P2 (early November – early December), and P3 (early December – mid-December). We observed distinctdeformation patterns, including localized deformation within Halema’uma’uCrater during P1, a marked increase in displacement rates within the calderafor P2 and deformation likely associated with the intrusion in P3. The patternof the localized deformation during P1 coincides with the location of theeruptive vents which formed during the December 2020 eruption. This mayrepresent a pathway along which magma was transported for the eruption."
"Dan Cove","Laboratory methods to constrain thehabitability of extreme environments","Daniel Cove^{1}, Chris House^{1}","^{1} Department of Geosciences, The Pennsylvania State University, University Park, PA, USA","Habitability, an environment’s ability tosupport life on some scale, is a concept that is pervasive in our discussionsof planets in outer space. Whether the focus is on distant exoplanets, neighboring worlds in our solar system, or the planet Earth itself at variouspoints in the past, physicochemical conditions which constitute habitabilityare constantly redefined and speculated upon. One characteristic shared by eachof these example locations is that they are not readily accessible *{in situ}, whether due to a spatial or temporal barrier. For observed or theorized environments in such places, the development of laboratory simulations isnecessary.\nThis study develops a series of laboratoryassays that can be subjected to simulations of exotic environments to constrainhabitability along a continuum from a single aqueous biological reaction tocomplete cell division. The assay representing the low end of the habitabilityspectrum is activity of the bioessential enzyme phosphatase, which cleavesphosphate ions from larger substrates to eventually create ATP for cellularenergy storage. Such enzyme activity can be observed and quantified in lab experimentsusing ^{31}P NMR spectroscopy and represents the minimum biologicalreaction for the host environment to be considered habitable. The higher end ofthe habitability spectrum is represented by the replication of a (likelyextremophilic) bacterial cell. The survival and replication of a bacterialculture subject to simulated conditions can be monitored using both fluorescentdye staining techniques coupled with microscopy and labelled isotopeincorporation coupled with Raman spectroscopy. Creating a reasonable labsimulation of exotic planetary conditions and using these habitability proxiesto work from one end of the continuum to the other will allow for betterunderstanding of habitability as we know it and help to clarify keyastrobiological target locations across the solar system and beyond for futurespace missions."
"Mingxi Hu","The Paradox of Cyclonic Storms in a Cold Pennsylvanian Equatorial Region","Mingxi Hu^{1}, Paul M. Myrow^{2}, and Michael P. Lamb^{3}","^{1} Department of Geosciences, The Pennsylvania State University\n^{2} Department of Geology, Colorado College\n^{3} Divisionof Geological and Planetary Sciences, California Institute of Technology","Earth has experienced extreme past climates, and the Pennsylvanian equatorial climate has been widely debated: whiletraditionally viewed as warm, recent studies controversially suggestedwidespread cold conditions and low-altitude glaciation. One tool that has notbeen widely evaluated is the state of the sea, which is powerful as the stateof the sea and ocean–atmospheric linkages are highly latitude dependent.\nWe conducted a paleohydraulic analysis onstorm-generated, hummocky bedforms preserved in marine intervals of the Fountain and Minturn Formations in Pangea’s paleoequator. Reconstructed waveperiods and fetch distances indicate the presence of large gravity waves formedunder gale-to-hurricane strength winds. These bedforms therefore requiredcyclonic storms driven by high Coriolis vorticity and high sea surfacetemperatures. These results are at odds with a cold equatorial hypothesis, andchallenge published paleolatitude estimates (<5 degree north) for the Colorado region, suggesting that Pennsylvanian tropical conditions werefundamentally different than previously posited."
"Ava Spangler","Collaborative Development of a Pluvial Flood Model and Adaptation Strategies to Advance Resilience in Baltimore","Ava Spangler^{1, 2}, Antonia Hadjimichael^{1, 2}","^{1} Department of Geosciences, The Pennsylvania State University, University Park, PA, USA\n^{2} Earth and Environmental Systems Institute, The Pennsylvania State University, University Park, PA, USA","Climate change is intensifying the hydrologiccycle, leading to more frequent and severe rainfall-driven (pluvial) floodingin urban areas. In the mid-Atlantic US cities, aging and under-designedstormwater infrastructure is increasingly strained by these events, resultingin recurring damage to property and disruptions to transportation networks. Inthis study, we combine community engagement with hydrologic modeling to developand evaluate potential urban flood adaptation strategies. Over a three-year period, local technical experts and community representatives met regularly to discussflooding concerns, identify priorities, and co-develop adaptation strategies. These discussions informed the development of an urban flooding model (EPAStorm Water Management Model) for the Baltimore Harbor watershed, the focuslocation of this study. The flooding model integrates complex surface andsubsurface stormwater infrastructure data, local expert knowledge, andcommunity insights. We simulate stakeholder-prioritized adaptations, such asgreen and gray infrastructure strategies. Model results demonstrate thatenhanced infrastructure maintenance is the most effective adaptation forreducing flood depths, but has varied effects across the watershed, and canincrease flooding in some locations. Spatially concentrated greening provideslimited benefit to the watershed as a whole, but moderate benefit in communitypriority areas. Together, these adaptations have the potential to reduce flooddepths by as much as 58% in some locations, greatly reducing property damageand mobility impacts, primary concerns of stakeholders. Future work willimplement robust optimization tools to search for adaptations which meetstakeholder objectives and perform highly under varied future climateconditions. This work contributes to the expanding literature on collaborativemodeling and demonstrates that community-engaged approaches can enhance modelcredibility and generate more actionable insights for communities seeking tostrengthen climate resilience."
"Bailey Hoplight","Elevated CO_{2 } Effects on Water Isotope Fractionation in Trees","Bailey Hoplight^{1}, Max Lloyd^{1}","^{1} Department of Geosciences, the Pennsylvania State University, University Park, PA, USA","Plant tissues and their oxygen isotope (δ^{18}O) compositions are considered valuable records of paleoenvironmental change, capturing shifts in key climate parameters such as temperature, water source, and water availability. Plant tissue δ^{18}O represents the combinedinfluence of these processes on the physiochemical response of the plant, andthis understanding has been leveraged to reconstruct temperature andhydroclimate conditions across the recent geologic timescale. However, it isimportant to understand how additional factors could confound this framework. One such factor that remains poorly constrained is the response of plant tissueδ^{18}O under varying atmospheric CO_{2} concentrations.\nThis study aims to investigate the effects ofelevated CO_{2} concentrations on the δ^{18}O isotopiccomposition of plant materials. *{Ginkgo biloba} trees were grown inchambers for six growing seasons with CO_{2} concentrations rangingfrom 425 to 1000 ppm. δ^{18}O compositions were measured from both bulkwood and cellulose of latewood across multiple annual growth rings. Ifresulting δ^{18}O values are found to be quantitatively related to CO_{2}concentrations, then previous and future paleoclimate reconstructions based onthe isotopic composition of plant tissues will require careful (re-) calibrationto atmospheric CO_{2}.\nThis presentation will highlight preliminaryresults, emerging isotopic trends, and offer initial interpretations as to howthese patterns relate to physiological responses of plants under elevated CO_{2}conditions."
"Mila Matney","Orbitrap-MS Characterization of Polycyclic Aromatic Hydrocarbons on the Asteroid Bennu","Mila Matney^{1}, Kate Freeman^{1}","^{1} Department of Geosciences, The Pennsylvania State University, University Park, PA, USA","The return of material from the carbonaceouschondrite asteroid Bennu by the OSIRIS-REx mission provides a uniqueopportunity to explore pristine organic matter sourced from the origins of the Solar System. Many classes of organic compounds have been identified on Bennu, including bio-relevant molecules like amino acids, nucleobases, and sugars. Aromatic compounds found in carbonaceous chondrites are of particular interestas they are prevalent both in soluble and insoluble organic fractions and havediverse potential origins, ranging from cold interstellar chemistries to hightemperature reactions in circumstellar environments in addition to reactionsoccurring post-accretion on the asteroid parent body. Previous analyses haveconfirmed the presence of 2-6 ring polycyclic aromatic hydrocarbons (PAHs) on Bennu, with a greater proportion of smaller forms than in studied meteorites. We will further investigate these trends using Orbitrap mass spectrometry (MS) which combines high mass resolution and low detection limits to allow foraccurate measurements in sample-limited situations, like that of Bennu. Thequantification of major PAH species and overall population of aromatics will bereported on, in the context of other meteorite samples and the history of the Solar System."
"Alejo Giraldo","Three new Atherospermataceae species fromthe middle Eocene add 35 million years to the family’s Australian history","L. Alejandro Giraldo^{1}, Peter Wilf^{1}, Raymond J. Carpenter^{2 }","^{1} Department of Geosciences, The Pennsylvania State University, University Park, PA, USA\n^{2} School of Biological Sciences, Adelaide University, Adelaide, SA, Australia","The southern sassafrases (Atherospermataceae) are a small plant family of ca. 16 species, ten of which are endemic to Australia. Despite being a dominant element of Australian rainforests today, the earliest continental record of the family dates to the Plio–Pleistocene of Tasmania, thereby limiting interpretations of Atherospermataceae biogeography. Here, we describe three new Atherospermataceae species based on organicallypreserved leaves from the middle Eocene (ca. 41–38 Ma) Anglesea flora of southeastern Australia, representing the terminal phase of Gondwana. The fossils wereexamined using light, epifluorescence, and confocal microscopy, and comparedwith extant material, including all extant Atherospermataceae genera, using theliterature, herbarium specimens, cleared-leaf material, and cuticlepreparations. Based on leaf architecture and cuticular morphology, two speciesare assigned to the living genera *{Doryphora} and *{Laurelia}, while athird, characterized by a densely papillate abaxial epidermis not seen in anyliving member of the family, is placed in a new fossil genus. These fossilsextend the Australian macrofossil record of Atherospermataceae by ca. 35million years, provide the only pre-Neogene evidence of the family in Australia, and show that Atherospermataceae were already diverse andwell-established in southeastern Australia by the middle Eocene, during thefinal stage of Gondwanan fragmentation. The occurrence of *{Laurelia} at Anglesea provides direct evidence that the genus, now extant in New Zealand andsouthern South America, once extended across a broader range than its modernrelicts and prior fossils indicate, and suggests that Australia could haveacted as the source or “stepping-stone” region for *{Laurelia} in New Zealand."
"Mingxi Hu","Decoding the Late Paleozoic Ice Age Paradox: Basin-Scale Filtering of Global Climate Signals","Mingxi Hu^{1}, Elizabeth Hajek^{1}, Brian Kelley^{1}","^{1} Department of Geosciences, The Pennsylvania State University, University Park, PA, USA","The stratigraphic record is our primaryarchive for understanding Earth’s climate history and dynamics, yet sedimentarybasins are active filters that ""shred, "" amplify, or distort originalclimate signals. This challenge is particularly acute in icehouse periods, suchas the Late Paleozoic Ice Age (LPIA), regarding its tropical hydroclimate, temperature, and atmospheric circulations. It remains unclear whether thesecontradictions reflect fundamentally different mechanisms to the Pleistocene, orour inability to read LPIA records across boundary conditions.\nI propose to resolve this ambiguity bysystematically comparing two equatorial Laurentia basins: the Bird Springs (BS) passive margin and the Midcontinent epeiric sea (MS). While both experiencedsimilar tropical climate, they differed in oceanography, terrestrial flux, andaccommodation. By integrating lithostratigraphy, geochemistry (B/Ga forpaleosalinity; CIA for weathering), and fauna assemblages, I aim to quantifyhow basin boundary conditions tuned climate records. I hypothesize that therestricted MS basin amplifies high-frequency, regional ""noises ""decoupled from global trends, whereas the open-marine BS basin provides abetter-fidelity archive for global climate forcing. Further comparison to otherLPIA records from various latitudes and locations will test whether LPIAclimate patterns (e. g., ITCZ shifts) align with Pleistocene mechanisms. Thisresearch establishes sensitivity baselines for comparing local vs. globalsedimentary records, providing a critical framework for 1) reconstructing pastclimate, 2) predicting future climate with geographical differences, and 3) informing resource management."
"Sabrina Ashik","Leakiness Variability in Arctic River Deltas from SWOT Water Surface Elevation Observations","Sabrina Ashik^{1}, Anastasia Piliouras^{1}","^{1} Department of Geosciences, The Pennsylvania State University, University Park, PA, USA","Arctic river deltas play a critical role inregulating the delivery of freshwater, sediment, and nutrients to the coastalocean, influencing sea ice dynamics and coastal ecosystems. Discharge andsediment concentrations are often measured upstream at the delta apex, and howthese fluxes are partitioned and redistributed across distributary networksremains poorly understood. Flow partitioning within these networks depends ontheir hydraulic structure, including the degree of lateral exchange between channelsand adjacent islands. One metric used to quantify this behavior ischannel-island “leakiness, ” formulated by Hines and Piliouras (2024), whichrepresents the likelihood of water leaving the channel as a function of channelgeometry and water surface gradient. Leakiness has been calculated for the Mackenzie Delta using historical water level and discharge data from gaugestations; however, its variability across Arctic systems remains poorlyconstrained at basin scales due to sparse in situ observations. In this study, we quantify temporal and spatial variability in channel-network leakinessacross major Arctic deltas using remotely sensed Water Surface Elevation (WSE) data from the Surface Water and Ocean Topography (SWOT) mission.\nWe extracted SWOT WSE time series at apex andoutlet locations from August 2023 to January 2026, used WSE as a proxy forwater level, and calculated monthly leakiness values. We then evaluated therelationship between leakiness and discharge using the framework proposed by Hines and Piliouras (2024). Preliminary results indicate a consistent positiverelationship between discharge and leakiness at both apexes and outlets, withstronger sensitivity at the apex locations than at the outlets. However, we observeda large inter-delta difference, suggesting that leakiness-dischargerelationships derived from a single system cannot be generalized across Arcticdeltas. These findings advance our understanding of flow partitioning in Arcticdistributary networks and establish a foundation for quantifying large-scalehydraulic connectivity from satellite observations."
"Ash Keenan","Morphodynamic Variability Between River Delta Experiments With Identical Input and Boundary Conditions","Ash Keenan^{1}, Anastasia Piliouras^{1}","^{1} Department of Geosciences, the Pennsylvania State University, University Park, PA, USA","Flume experiments are valuable tools forsimulating and studying complex sediment transport and morphodynamic processesthat are difficult to observe in natural environments. However, theseexperiments are resource-intensive and thus rarely repeated, raising questionsabout the reproducibility of results. This research utilizes a series of fiveidentical experiments (Su1–Su5) repeated under the same input and boundaryconditions in order to investigate the inherent variability between physicaldelta experiments. We examine variations in delta characteristics such as areagrowth, wetted frequency, perimeter/area ratio, shoreline roughness, andfractal dimension using overhead photography and 3D photogrammetry. Preliminaryresults show that area growth rates remain positive and approximately linearacross all trials, reflecting constant progradation under uniform water andsediment input, though final delta sizes diverge slightly. Wetted fractionvalues are comparable among experiments (means ~0.40–0.55), indicatingoccupation of a similar partially channelized regime. Perimeter/area ratioexhibits a consistent downward trend as deltas expand, with small fluctuationsdriven by planform differences. In contrast, shoreline roughness revealsmeaningful divergence: Su3 experienced a major late-stage channel avulsion thatproduced fewer, larger distributaries and a sustained increase in shorelinecomplexity relative to the other experiments, which were characterized bygradual channel migration and numerous smaller outlets. Fractal dimensioncaptures greater similarity of the shoreline overall but also reflects elevatedcomplexity in Experiment 3 following avulsion. Ongoing work will incorporateearlier experimental hours and analyze photogrammetry-derived digital elevationmodels to assess differences in slope and channel relief. Together, theseresults demonstrate that while many bulk morphodynamic metrics arestatistically similar under identical forcing, stochastic events can generatemeasurable divergence, underscoring the importance of replication inexperimental geomorphology."
"Laura Kelsall","Microtextural controls on the dissolutionof monazite and zircon during biotite-dehydration melting","Laura Kelsall^{1}, Peter Kelemen^{2}, Andrew Smye^{1}","^{1} Department of Geosciences, The Pennsylvania State University, University Park, PA, USA\n^{2} Columbia University, Lamont Doherty Earth Observatory, Palisades, NY, USA","Differentiation of the continental crust intoan upper layer enriched in heat-producing elements (U, Th, K) and acomplementary lower crust depleted in these elements is key for continentalstability (e. g., Mareschal & Jaupart, 2013; Sandiford et al., 2002). Recentanalysis indicates that ultrahigh temperatures (>900°C) may be required toeffectively redistribute U and Th from the lower to upper crust (Smye &Kelemen 2025). Such temperature requirements are at odds with equilibriumthermodynamic modelling (Yakymchuck & Brown, 2014), and so the exactmechanism that accounts for this observation is uncertain.\nHere we test the hypothesis that mineralarmouring modulates the dissolution of monazite and zircon—key Th and U carrierphases, respectively—in silicate melt produced during biotite-dehydrationmelting. We present microtextural and trace element geochemical observationsfrom a suite of aluminous metasedimentary rocks (Ivrea-Verbano Zone) thatpreserve a record of partial melting under peak temperatures spanning thebiotite-dehydration melting interval (700-900°C). Automated SEM mapping of thinsections reveals a strong positive correlation between biotite and monazitemodal abundances. In the amphibolite-facies samples 8-27% of monazite is eitherincluded or adjacent to biotite grains whereas in granulite-facies andultrahigh temperature samples that decreases to 0-22% and 0% respectively. Theamount of monazite included in garnet increases from 3-10% in amphibolite to75% in ultrahigh temperature samples. Zircon abundance is poorly correlated tobiotite but still shows a similar trend of decreasing association with biotite (15-44% to 0%) and increasing association with garnet (3-29% to 38%) fromamphibolite to ultrahigh temperature samples.\nThese findings suggest that the texturalavailability of accessory phases imposes an important control on the flux of Uand Th into silicate melt produced during anatexis. Prior to the consumption ofbiotite, included carrier phases may be shielded from interacting with melt; peritectic growth of garnet serves to sequester carrier phases in the residuum. Work is ongoing to incorporate this microtextural framework into a forwardmodel describing the evolution of melt U, Th concentrations during biotite-dehydrationmelting and to explore implications for crustal differentiation."
"Drew Moreland","Understandinghow flow variability and sea level rise impact delta morphodynamics","Andrew Moreland^{1 }, Liz Hajek^{1}, Anastasia Piliouras^{1}","^{1} Department of Geosciences, The Pennsylvania State University, University Park PA, USA","Global temperatures are rising, accelerating sea-level risethat threatens the stability of deltaic environments. More than 300 millionpeople live in or near vulnerable delta systems, many of which alreadyexperience land loss, subsidence, and amplified flood hazards. Global warmingis also influencing river discharge patterns, which can trigger more abruptavulsions and potentially deadly floods.\nMost existing studies have examined sea-level rise and flowvariability independently. However, these processes often operatesimultaneously in deltas, meaning their combined effects on channel mobility, sediment distribution, and avulsion behavior remain poorly constrained. Thisproject aims to address this gap by experimentally investigating how sea levelrise and discharge variability affect delta dynamics both individually andtogether.\nMy experiments will be conducted in the Sediment and Natural Dynamics Basin for Observation and eXperiments (SANDBOX), a controlledphysical basin that allows direct manipulation of sea-level rise and dischargevariability. Over the course of my M. S. research, I will conduct approximatelynine experiments looking at how sea level rise and discharge variability willaffect channel mobility. Stratigraphic analyses will follow to quantifydifferences in sediment deposition and avulsion signatures across runs.\nMy hypothesis is that rising sea levelsand increased flow variability will accelerate shoreline change and increaseavulsion frequency in deltaic systems. From this we will learn more aboutstratigraphic stacking patterns and have a better understanding ofaccommodation and sediment supply. By linking sea-level forcing with flowvariability, it fills a key gap in geomorphology for interpreting naturaldeltas. The broader significance lies in improving hazard assessment andmanagement strategies for vulnerable coastal regions."
"Doni Anderson","Exploring Deltaic Stratigraphy in Arctic Environments","Doni Anderson^{1}, Anastasia Piliouras^{1}, Benjamin Cardenas^{1}","^{1} Department of Geosciences, The Pennsylvania State University, University Park, PA, USA","River deltas leave deposits that hold a usefulrecord of past environmental conditions. Arctic deltas on Earth provideinsights about how ice cover and permafrost affects depositional patterns, potentially holding clues to constrain identification of ancient deltas thatmay have formed under the influence of ice. Despite its current presence andabundance, deltaic stratigraphy in Arctic environments has not been heavilyexplored, limiting our understanding of ancient deltas. We aim to fill thisgap.\nWe used numerical models of deltamorphodynamics in Arctic conditions to examine how permafrost and ice impactdelta stratigraphy. We used stratal volumes produced by these models to exploredifferences between permafrost at varying erodibilities and different icethicknesses (no permafrost to 65% permafrost erodibility and no ice to 4.5m icethickness), and to quantify sand fraction throughout the delta. Preliminaryresults show that ice and permafrost have a noticeable impact on deltaformation. As ice thickness increases and permafrost erodibility decreases, there is an increase in mud in the delta plain, likely resulting from sandbeing bypassed out of the subaerial system because the permafrost inhibitsaccommodation for the sediment supply. Sand fraction generally decreases downdelta, but the combination of thicker ice and lower permafrost erodibilityresults in a shallower decrease in sand fraction in comparison with thinnerice/higher permafrost erodibility or no ice/no permafrost model run outputs. Whenice thickness decreases and permafrost erodibility increases, there is moremixing of the mud and sand sediment throughout the delta, resulting in a highersand fraction overall. Future analyses will describe channel patterns byquantifying channel lateral mobility and vertical stacking and measuringchannel geometry. This work will continue to explore the implications of thesefindings for connections between ancient delta stratigraphy and paleoclimate. These first steps could prove useful for ancient delta studies on places suchas Mars where its paleoclimate is still uncertain."
"Edo Nurshal","Fault Slip and Fluid Flow: Seismic Source Analysis of Slip Patches and Their Role in Fault Permeability","M. Edo Nurshal^{1}, Junpeng Wang^{2}, Pengliang Yu^{1, 2}, Tushar Mittal^{1}, Derek Elsworth^{1, 2}","^{1} Department of Geosciences, The Pennsylvania State University, University Park, PA, USA\n^{2} Department of Energy and Mineral Engineering, The Pennsylvania State University, University Park, PA, USA","Fluid injections can trigger faultreactivation, microearthquakes (MEQs), and permeability changes that arecritical for geothermal energy production and subsurface waste disposal. Recentstudies have shown that fault permeability can be quantitatively predicted fromthe cumulative seismic moment released by MEQs. To investigate the physicalmechanisms behind this relationship, we conducted laboratory fault reactivationexperiments on a Utah FORGE granitoid sample and analyzed acoustic emission (AE) signals generated during stepwise increases in injection pressure. Frequency analysis of thousands of calibrated AE signals reveals that faultreactivation occurs through the activation of numerous AE source patches withmillimeter-scale radii, far smaller than the fault surface of the sample. Thecumulative area of these reactivated patches exceeds the fault area byapproximately one to two orders of magnitude (~10–50×) during each pressurestep. These results demonstrate that permeability enhancement is not driven bya single large slip event but emerges from the sequential activation andinteraction of multiple slip patches that progressively establish a connectedflow pathway."
"Guilherme Zakarewicz","DAS–Geophone MASW in Permafrost: Lateral Variability and Implications for Subsurface Characterization in a Changing Arctic","Guilherme Zakarewicz^{1}, Gabriel Rocha dos Santos^{1}, Tieyuan Zhu^{1}, Ming Xiao^{2}, Eileen R. Martin^{3}, Ziyi Wang^{4}","^{1} Department of Geosciences, The Pennsylvania State University, University Park, PA, USA\n^{2} Department of Civil and Environmental Engineering, The Pennsylvania State University, State College, PA, USA\n^{3} Department of Geophysics, Department of Applied Math and Statistics, Colorado School of Mines, Golden, CO, USA\n^{4} Department of Civil and Environmental Engineering, Colorado School of Mines, Golden, CO, USA","Permafrost is a subsurface condition wheresoil or rock remains below freezing temperatures for at least two consecutiveyears, covering large portions of the Northern hemisphere and Alaska. However, recent climate changes are accelerating its degradation, resulting insubsidence, riverbank erosion, and infrastructure damage. Detecting andtracking permafrost change remains challenging because many traditionalobservations are expensive and invasive. In this context, geophysical methodsoffer a practical complement by identifying differences in the physicalproperties. For instance, elastic seismic wave speeds respond strongly tovariations in ice and liquid water content.\nIn this study we compare Vs profiles derivedfrom (i) a distributed acoustic sensing (DAS) fiber and (ii) conventionalgeophone arrays at five different locations in Utqiaġvik, Alaska. Since the DASand geophones were not exactly co-located (5-45 meters offset), the comparisonprovides enough lateral separation to test spatial variability. Although somesites presented similar Vs profiles, others showed larger discrepancies, exceeding the uncertainty bounds (typical ΔVs of ~100–400 m/s). We interpret thosedifferences as reflecting lateral heterogeneity at dozen-of-meters scalesrather than differences in the acquisition systems. To provide a quantitativeexample of a physical parameter that could illustrate the observed differences, we apply a rock-physics relation to estimate ice/water volumetric content andquantify how much variability in water saturation would be required to explainthe observed Vs differences (typical ΔSw of ~0.15). We also compare theVs-derived saturation profiles with temperature-based estimates from power-lawrelationships reported by an independent study to check plausibility.\nOur results show that permafrost should not betreated as laterally uniform when constructing velocity models and interpretingtime-lapse changes, especially in coastal polygonal tundra where we expectvariations in ice content, salinity and porosity. Furthermore, spatially densemeasurements are essential for interpreting apparent changes in regions withcomplex cryostructure and hydrology."
"Ula Filipowicz","Modelling the Subduction Interface: The Role of Cohesion in Fault Stability","Urszula Filipowicz^{1}, Donald Fisher^{1}, John Hooker^{2}, Tushar Mittal^{1}","^{1} Department of Geosciences, The Pennsylvania State University\n^{2} Department of Atmospheric Science, Environmental Sciences, University of Incarnate Word","Earthquakes are among the most significantgeohazards on Earth, with the largest events occurring along subduction zones. The mechanisms responsible for unstable slip along megathrust faults arebelieved to be primarily controlled by friction, normal stress, and fluidpressure. These concepts are reflected by earthquake models, which typicallyassume slip follows the rate-and-state friction laws, where friction evolves inresponse to velocity stepping, but cohesion is not included in thecalculations. More recent experimental work, described by the CNS model, hasshown that cohesion might be an important aspect to consider when determiningthe type of failure that will occur along the subduction interface, highlighting how behaviour of faults can be defined from grain-scalemechanisms. Based on this microphysical research whilst also challenging thecurrent paradigm, the hypothesis of this study is that cohesion variations cantrigger fault instabilities independent of velocity weakening.\nIn order to test the role of cohesion, anumerical framework called the MEFISTO (*{Mineralization, Earthquake, and Fluid flow Integrated SimulaTOr}) model will be used. By simplifying theproblem to a zero-dimensional block, the separated effects of cohesion andfriction can be examined and quantified. This will improve MEFISTO’s ability tosimulate earthquake nucleation and strengthening, allowing predictions for howdifferent variables such as temperature and strain rates during interseismicperiods affect cohesion, which can impact slip behaviour and result inearthquakes. Once cohesion is incorporated into the full MEFISTO framework, theresulting forecasts of earthquake size and distribution will be compared withthe Global Centroid Moment Tensor (GCMT) catalogue to evaluate the predictionsof the model, and hence, the significance of cohesion in fault stability. Suchresults would develop understanding of subduction zones and guide futureapplications of the model directly to field observations and laboratoryanalysis."
"Zach Baran","Stratigraphy and Paleohydrology of Fluvial Deposits Near Juventae Chasma in Mars’s Southern Highlands","Zachary J. Baran^{1}, Benjamin T. Cardenas^{1}","^{1} Department of Geosciences, The Pennsylvania State University, University Park, PA, USA","Sedimentary basin stratigraphy recordsinformation about a region’s past depositional environments. Ancient fluvialdeposits on Mars are often found within regional or large-scale topographiclows like craters or along the margin of the northern lowlands. However, arecent study showed that abundant fluvial strata also exist in the southernhighlands, suggesting that stratigraphic basins also exist in locationsincongruent with the modern topography. One of these southern highland stratalocations is Juventae Plateau (62.5°W 4.50°S). Previous studies have identifiedhydrated sulfate minerals in strata across the plateau, as well as ancientriver channel deposits, suggesting past water, but stratigraphic relationshipshave not been quantified and a depositional setting to explain both featureshas not been put forward.\nWe used high-resolution satellite images anddigital elevation models to map ridges previously interpreted to be exhumedriver-channel belts based on exposed point-bar structures and stacking patternssimilar to exhumed channel belts on Earth and elsewhere on Mars. We measuredthe thicknesses of layered beds and ridges and found that ridges areconsistently thicker than the layered deposits. The total elevation rangeoccupied by the ridges and layered deposits suggests over 250 meters of basinfill. We measured orientations of strata and found both relatively flat-lyingbeds and inclined, truncated strata, which we interpret as fluvial floodplainand bar deposits respectively. Dip direction and exposed point-bar structuressuggest a paleoflow direction of north-to-south, which is notably opposite tothe modern regional topographic slope.\nWe measured ridge caprock thicknesses toreconstruct paleochannel depths and to look for downstream changes inpaleochannel depth, testing hypotheses for deltaic (downstream thickening) andterminal fan (downstream thinning) channels, further constraining thedepositional setting. Reconstructed channel depths were also used to betterunderstand water availability and climate during basin filling byreconstructing water discharge using established relationships."
"Olivia DiPrinzio","What Factors Drive Farmers’ Climate Risk Perceptions? A case study in Chitwan, Nepal","Olivia DiPrinzio^{1, 2}, Nicolas Choquette-Levy^{1, 2}","^{1} Department of Geosciences, The Pennsylvania State University, University Park, PA, USA\n^{2} Earth and Environmental Systems Institute, The Pennsylvania State University, University Park, PA, USA","Under climate change, global crop yields areprojected to decline significantly, with staple crops showing reductions of upto 10% per degree of warming (°C). Particularly, this reality is most impactfulon socio-economically vulnerable communities, such as farmers in South Asia, whose incomes are predicted to decline by 28% annually on average due toclimate change’s impacts. Concurrently, climate and agricultural policiesworsen existing adverse circumstances by omitting community climate riskperceptions. Such policy frameworks fail to integrate community-specific risks, tolerance, and exposure, thereby threatening livelihoods reliant onagriculture. To date, there is a limited understanding of the effectiveness ofrisk-informed policies under climate change uncertainty, whether in standaloneanalyses or compared with non-risk-informed policies.\nTo address this gap, multivariate statisticalmethods were employed to examine the drivers of farmers’ hazard risk perceptionin Chitwan, one of Nepal’s most climate-vulnerable regions, using a 2022survey. Guiding this process, causal modeling identified three key feedbackmechanisms hypothesized to govern farmers’ reported exposure: insurance levels, remittance income, and perspectives on farming as a livelihood strategy. Initial statistical analysis demonstrates the importance of groundwater andirrigation accessibility, the varied influence of demographic variables, andremittances’ minimal influence on the frequency of self-reported exposure toclimate-influenced hazards, the last of which contradicts the proposedhypothesis of remittances’ impact. Our results demonstrate inherent variabilityin hazard perceptions, such that while certain drivers are relevant across allhazards, a more tailored approach to driver consideration is required. Consequently, a signal exists for hazard-specific policies, such ashazard-specific vulnerability indices. As these are initial results, next stepsinclude statistical analysis of farmers’ perceptions of future risks, time-series analysis to provide a more nuanced view of variability inperceptions, self-reports compared against climatological data (e. g. SPEI), andan exploration of hazard-specific exposure policies."
"Jasmine Walker","The Role of Fine Sediment in Channel Mobility Stratigraphic Architecture","Jasmine Walker^{1}","^{1} Department of Geosciences, The Pennsylvania State University, University Park, PA, USA","Understanding how fluvial systems respond tochange and record the history of landscape changes is essential for sustainablymanaging ecosystems, remediating environmental contaminants, efficientlyexploring for natural resources, and successfully mitigating risks associatedwith river movements and floodplain inundation. Rivers play a key role inshaping the modern landscapes we inhabit and the buried deposits that formstratigraphy, from which we interpret the history of surface conditions on Earth. The integrated effect of silts and clays on fluvial landscape dynamicsis recorded in the stratigraphic architecture of ancient river deposits and canenhance or occlude fluid flow in buried aquifers and reservoirs. Understandinghow fine-sediment supply impacts channel mobility, stratigraphic architecture, and subsurface fluid flow is, therefore, key for reconstructing paleo-landscapeconditions and predicting the distribution and connectivity of subsurfacereservoirs, aquifers, and potential geothermal and carbon storage sites.\nA key challenge in understanding therelationship between the supply of fine sediment and resulting stratigraphicarchitecture is the interplay between processes occurring at both spatially andtemporally variable scales. I aim to close this gap through inquiry into modernrivers and ancient river deposits that assess the role of fine sediment inchannel mobility and long-term channel stratigraphic architecture, or“stacking”, in sedimentary basins. Using a combination of remote sensing ofmodern rivers, subsurface (seismic and well log) observations of ancient riverdeposits, and numerical modeling, I propose to answer the following sciencequestions: (1) How does suspended-sediment supply impact channel mobility inglobal alluvial rivers? (2) What is the relationship between fine-sedimentsupply, channel mobility, and channel-belt depositional architecture influvio-deltaic settings?"
"Ran He","Iron carbonate as a robust archive forreducing paleoenvironmental conditions: oxygen and clumped isotopes evidencefrom burial diagenesis","Ran He^{1}, Max K. Lloyd^{1}, Brian Currie^{2}, Miquela Ingalls^{1}","^{1} Department of Geosciences, The Pennsylvania State University, University Park, PA, USA\n^{2} Department of Geology and Environmental Earth Science, Miami University, Oxford, OH, USA","Siderite (FeCO_{3}) is aredox-sensitive carbonate mineral that is pervasive in the rock record and canenable reconstructions of ancient reducing environments on Earth and Mars. However, post-depositional processes like burial diagenesis and surficialweathering can alter primary isotopic signatures through dissolution andreprecipitation (δ^{13}C, δ^{18}O and T(∆_{47}), limiting the reliability of these proxies. Unlike calcite and dolomite, thesusceptibility of isotopic clumping in siderite to overprinting by theseprocesses is poorly understood. We hypothesize that siderite is more resistantto these processes than calcite during fluid-mediated diagenesis due to itslower solubility. To test this hypothesis, we analyzed siderite and calcitesamples from the Paleocene Fort Union Formation in the Wind River Basin, Wyoming. We collected coeval terrestrial siderite concretions and cement fromtwo outcrops and six drill cores spanning a range of maximum burial depths (1.5-3.5km) due to tectonics, allowing us to distinguish between water-rockalteration during burial diagenesis and surficial weathering.\nAll calcite samples yield elevated T(∆_{47}) temperatures (44.5±1.2°C to 55.9±2.6 °C) paired with low and variable δ^{18} Ovalues (-18.9 to -11.2‰), whereas siderite from outcrops and shallow coresrecords plausible Earth surface temperatures (9.1^{+5.7}/_{-5.4}°C to 27.6^{+5}/_{-4.8} °C). °C). Two micritic siderite ∆_{47}from deepest core (3.5 km burial) however, shows elevated T(∆_{47}) temperatures (43.7±0.9°C to 60.2^{+4.9}/_{-4.7} °C), indicatingresetting through recrystallization. Of these two altered siderite samples, oneexhibits textural and chemical evidence of recrystallization during burialunder scanning electron microscopy, while the other shows no petrographic signsof alteration. Combining T(∆_{47}) and δ^{18}O, water-rockinteraction model suggests the altered siderite has experienced rock-buffereddiagenesis (water-to-rock ratio<0.5), whereas calcite has experiencedfluid-buffered diagenesis (water-to-rock ratio>1). Together, these resultsdemonstrate that siderite δ^{18}O and T(∆_{47}) are more robustto burial alteration than calcite, highlighting the potential of siderite as areliable proxy for ancient reducing aqueous environments."
"Yusuke Kubota","The role of the mantle decompaction layerin Hadean volcanism","Yusuke Kubota^{1}, John Rudge^{2}, Bradford Foley^{1}","^{1} Department of Geosciences, Pennsylvania State University\n^{2} Department of Earth Sciences, University of Cambridge","How the very early Earth lost its internalheat remains a subject of debate. Early Earth may have been characterized byextensive magmatism due to a hot mantle, which then acted as the primary heatloss mechanism, or been more volcanically quiescent, where heat conductionthrough the lithosphere served as the primary heat loss mechanism. The primarymode of early Earth heat loss would then strongly influence tectonics and crustformation, the long-term thermal evolution of the interior, and surface environmentswhere life could originate in the Hadean or Eoarchean.\nOur recent crustal evolution model suggeststhat mantle melt production and mafic extrusive volcanism must have beenlimited prior to 3.6 Ga to remain consistent with Hf isotope data. Wehypothesized that these geochemical constraints require a 'quiescent Earth'with a low melt production rate (<0.6 mm/yr). However, the actual magmasupply is governed by complex geodynamic factors: specifically, the mechanicsof melt generation, ascent, and accumulation at the mantle-crust boundary. Understanding these physical mechanisms is critical, particularly whenevaluating high-flux regimes such as heat-pipe tectonics, which may beincompatible with the low rates inferred from the geochemical record.\nA critical phenomenon affecting this supply isthe formation of a decompaction layer beneath the mantle-crust interface. Sincethe crust acts as a rigid thermal boundary, temperatures drop rapidly near thisinterface. Consequently, ascending melt encounters a freezing horizon that actsas a permeability barrier, causing it to accumulate. Within this zone, thedecompaction layer and accumulated magma generate significant melt overpressurerelative to the solid matrix, driving magma into the plumbing system andinitiating ascent. Therefore, characterizing the dynamics of the decompactionlayer is crucial for understanding the physical controls on melt supply.\nRecent numerical modeling of Io, an activeheat-pipe body, demonstrates that crustal thermal structure is controlled bythe physics of two-phase melt transport. This model suggests that magmatransport is driven by mantle overpressure at the decompaction layer butlimited by solidification within the plumbing system. Applying this physicalframework to the Hadean, we tested which mantle dynamics and temperature rangesare compatible with the restricted melt fluxes required by the geochemicalrecord. Preliminary results demonstrate the existence of a decompaction layer, where both effective pressure and extraction rates increase significantly withporosity. By systematically exploring the parameter space, we identify thespecific mantle geodynamic conditions required to align plateau meltingtectonics with the Hf isotope constraints."
"Oliver Neilson","Quantifying the timing and volume ofvolcanic degassing in deep time: A case study from the Sinemurian –Pliensbachian Boundary Event","Oliver Neilson^{1}, Isabel M. Fendley^{1}","^{1} Pennsylvania State University, State College, PA, USA","Understanding deep-time climatic perturbationsrelies on quantifying the initial drivers them. Earth system perturbations arehighly sensitive to, among other parameters, the timing and duration ofvolcanic degassing. Currently, these parameters are coarsely constrained, withvolatile estimates coming from melt inclusion data and radiometric dating^{1}.However, recent work has highlighted the power of combining sedimentary mercury (Hg), a volcanic tracer, and Hg cycle box models to estimate the tempo and volumeof volcanic degassing in deep time^{2}.\nHere, we present a quantitativehigh-resolution degassing history through the Sinemurian - Pliensbachian Boundary Event (SPBE). This protracted negative “U-shaped” carbon isotopeexcursion lasted for over 4 million years in the Early Jurassic (ca. 190 Ma). We utilise over 1600 samples collected from the recently drilled core at Prees, Cheshire Basin, U. K., as part of the International Continental Scientific Drilling Program JET project.\nThe SPBE is broadly coeval with increasedrifting from the break-up of Pangea, the opening of the Hispanic Seaway, and apulse of volcanic activity from the Central Atlantic Magmatic Province^{3–5}, all of which may have contributed to its shape and duration. We quantify thetempo and volume of volcanic degassing during the SPBE using a geochemicalmachine-learning framework to isolate volcanically sourced Hg, followed byidentification of the best-fit degassing scenarios using a global Hg box model. To see how this would affect the carbon isotope record, we use the best-fitdegassing scenario as an input to a carbon cycle model. We compare the modelledrecord to the observed record and discuss major differences.\nThis novel method allows for a clearer pictureof past climatic feedbacks and Earth system dynamics; quantifying past climaticchanges and their drivers are essential for better contextualising modern andfuture climate change."
"Samuel Williams","Quantifyingsediment storage and evacuation in response to compound earthquake and typhoonhazards in the Liwu River, Taiwan","Samuel Williams^{1}, Eric Kirby^{1}, Roman DiBiase^{1}","^{1} Department of Geosciences, The Pennsylvania State University, University Park, PA, USA","In steep, tectonically active landscapes, earthquakes and precipitation can generate large, episodic sediment pulses thattransiently alter channel morphology. The timescales over which these pulsesare evacuated, and the sensitivity of transport to large discharge events, remain uncertain. Understanding how sediment pulsespropagate through boulder-dominated rivers is necessary for predicting thelong-term evolution of active mountain belts. Because these transient responsesinfluence channel longitudinal profiles and the pace at which rivers adjust totectonic forcing, constraints on sediment storage and evacuation are essentialfor linking short-term events to long-term landscape evolution. A natural experiment is posed by the Liwu River following the 2024Hualien earthquake in the Central Range of Taiwan. This Mw 7.2 event triggeredwidespread co-seismic landsliding, and an intense subsequent typhoon season hadmultiple storms capable of triggering additional landsliding and mobilizingstored sediment. I will quantify spatial and temporal patterns of sedimentstorage and evacuation in the Liwu River using a multi-temporal dataset to testthe following hypotheses: (1) sediment aggradation will be clustered downstreamof major landslide and tributary inputs rather than uniformly distributed alongthe reach, and (2) reaches with greater pre-event boulder cover will retainsediment longer during floods.\nThis study leverages a high-resolution Unmanned Aerial Vehicle (UAV) survey conducted in 2023 that providescentimeter-scale orthophotos and 3D point clouds for baseline channelmorphology. These data will be integrated with a time series of 10–50 cm scaleresolution orthophotos and a repeat UAV survey to quantify bed elevationchange, sediment storage, and boulder exposure from 2023-2026 across a ~4 kmreach of the Liwu River. Together, these observations will provide newconstraints on sediment residence time and the role of boulder cover incontrolling sediment transport following extreme disturbances."
"Chandan Sahu","How does composition variation affectmantle solidus and thermal evolution of rocky planets?","Chandan Sahu^{1}, Bradford Foley^{1}, Aaron Wolf^{2}","^{1} Department of Geosciences, The Pennsylvania State University, University Park, PA, USA\n^{2}SETI Institute, Mountain View, CA, USA","Understanding exoplanet interiors remains achallenge due to the inherent difficulty of direct observation. While theiratmospheres are observed using advanced telescopes, interior modeling providesinformation about their interior structure, composition, and evolution relevantfor interpreting atmospheric observations. Current models often assume an Earth-like mineralogy, however rocky exoplanets can come in ranges of differentcompositions. Studies from the Hypatia catalog and other stellar composition cataloguesshow that stars can have a wide range of elemental abundances, leading todiverse mineral compositions in terrestrial planets, as they reflect therefractory materials present in the host star.\nOur research investigates how variations ininterior composition affect the mantle mineralogy and solidus, the viscosityand consequently the planet’s thermal history. The solidus, marking the onsetof melting, is crucial for heat and melt transport. On Earth, olivine andpyroxene are the primary minerals in the upper mantle. Variability in elementalabundances in stars suggests planets may have diverse olivine-pyroxene (Ol-Px) ratios. We use the MELTS model to determine how different mineralogies affectthe mantle's solidus profile. Our results indicate higher solidus temperaturesfor higher Ol-Px ratio. We then integrate the calculated solidii with themantle adiabat and heat sources/sinks to simulate interactions between mantlecomposition, temperature, viscosity, and lid growth over geological timescales. We also model the viscosity using flow laws and creep mechanisms, to observethe behaviour with changing Ol-Px ratio. This helps us understand meltproduction, outgassing, volcanism, and other dynamic processes during a rockyplanet’s evolution, aiding in predicting the thermal and geological history ofexoplanets. Understanding these is essential for identifying the presence oftectonic activity and volcanism, and can create and sustain habitable conditions."
"Christian Lundy","The Stabilization of Wastewater-Derived Phosphorus in a Florida Keys, USA Karstic Aquifer","Christian Lundy^{1}, Eleanor Spielman-Sun^{2}, Lee Kump^{1}, Miquela Ingalls^{1}, and Rachel Housego^{1}","^{1} Department of Geosciences, The Pennsylvania State University, University Park, PA, USA\n^{2}SLACNational Accelerator Laboratory, 2575 Sand Hill Road, Menlo Park, CA, USA","Submarinegroundwater discharge is an often overlooked source of nutrient loading incoastal ecosystems. Phosphorus (P) inputs into ocean surface waters can causeeutrophication, leading to algal blooms and deoxygenation. Shallow wastewaterinjection in Marathon, FL injects up to 700, 000 liters of high-P treatedwastewater daily approximately 30 meters into the Key Largo Limestone (KLL) aquifer for disposal. P concentrations are greatly decreased within the plumedue to dilution, adsorption of P to the calcite lattice, and precipitation of Pminerals. This P sink is under threat as rising sea levels cause salineintrusion into previously fresh aquifer regions, leading to P desorption andpossible P mineral dissolution. This study aims to characterize the P mineralsprecipitated from KLL shallow wastewater injection to assess P sink stabilityunder future saline intrusion scenarios.\nCarbonatecores were collected at three locations along a cross-island transect throughthe Marathon wastewater plume in September 2025. Adjacent monitoring wells wereinstrumented with conductivity-temperature-depth sensors to determine coresalinity zones and water samples were collected for plume geochemicalcharacterization. Thin sections from the cores were selected from fresh andsaline aquifer regions and sections of varying secondary porosity. They will beanalyzed using µ-X-Ray Absorbance Near Edge Structures (µ-XANES) and µ-X-Ray Fluorescence (µ-XRF) at the Stanford Synchrotron Radiation Lightsource (SSRL) and Scanning Electron Microscopy/Energy Dispersive Spectroscopy (SEM/EDS) atthe Penn State Materials Characterization Laboratory to determine P mineralspeciation. We hypothesize that more stable P minerals will be present inaquifer regions with lower salinity and less secondary porosity, as decreasedgroundwater residence time from preferential karstic pathways leads todecreased P mineral precipitation. This project holds important implicationsfor P loading under future saline intrusion scenarios and can provide importantgeochemical constraints for reactive transport modeling of shallow wastewaterinjection."
"Anthony Delgadillo Salas de la Tierra","Reconstructing Late Pleistocene/Holocene Fire–Vegetation–Human Feedback in the Lake Malawi Basin Using Core MAL05-2A","Anthony Delgadillo Salas de la Tierra^{1}, Sarah Ivory^{1}","^{1} Department of Geosciences, The Pennsylvania State University, University Park, PA, USA","Lake Malawi is an important sedimentaryarchive for understanding the long-term changes between tropical Africanclimate, ecosystems, and early human activity. During the Pleistocene, East Africa experienced megadroughts causing permanent ecological reorganizationbetween ~85-70 ka, shifting from Afromontane forests to miombo woodlands. It is unclear if the transition issolely a climate shift or if early anthropogenic fire-vegetation feedbackoccurred. Addressing this gap has been challenging due to chronologicaluncertainties and coarse sampling resolutions during the Late Pleistocene-Holocene transition. This project tests the hypothesis that earlyhuman fire use during the 85-70 ka transition created self-sustained ecologicalfeedback that later intensified during the Holocene agropastoralism.\nThisproject aims to analyze 56 sediment samples from core MAL05-2A, spanning thelast ~123, 000 years with some intervals studied at a higher resolution such asa millennial scale. By utilizing pollen analysis to track vegetation changeswith microscopic charcoal analysis to measure fire activity, this study willdevelop an improved understanding of environmental conditions in southeast Africa. Results are expected to reveal two major phases of fireintensification, the ~85-70ka transition and the Holocene. This fireintensification is suspected to be characterized by a continuous directionalshift toward grass dominated savanna assemblages. This research aims todetermine whether fire-maintained landscapes in Southeast Africa are a modernoccurrence or a legacy of Pleistocene anthropogenic influence, providing abaseline for understanding modern landscape degradation and ecosystemresilience under climate change."
"Zach Loveall","Dual-Clumped Isotope Disequilibrium in Terrestrial Carbonates","Zachary Loveall^{1}, Ellen Olsen^{1}, Miquela Ingalls^{1}","^{1} Department of Geosciences, The Pennsylvania State University, University Park, PA, USA","Terrestrial carbonates preserve valuablepaleoclimate records in their isotopic compositions. However, kinetic effectsassociated with dissolved inorganic carbon cycling, including CO_{2}degassing, absorption, and water mixing can shift isotopic systems out ofequilibrium. Because isotopic equilibration in the DIC–H_{2}O systemoccurs over hours to days, rapidly forming carbonates may preserve transientdisequilibrium signals, complicating paleoclimate records. Carbonates from the Green River Formation of Wyoming and Utah record lacustrine, wetland, andshoreline environments during the Early Eocene Climatic Optimum, a warminterval characterized by elevated pCO_{2} and high temperatures. Thesedeposits provide an ideal natural laboratory for evaluating how rapid carbonateprecipitation records isotopic disequilibrium across terrestrial environmentsand facies. Petrographic screening and mineralogical analyses were conducted onstratigraphically constrained samples to assess diagenetic overprinting. Weinterpreted preliminary δ^{13}C, δ^{18}O, and dual-clumpedisotope (Δ_{47}–Δ_{48}) values within the context ofdepositional and diagenetic history to characterize departures fromthermodynamic equilibrium. Preliminary petrographic characterization andinitial dual-clumped results suggest variability among facies that may reflectformation mechanisms rather than temperature alone. These results will refineinterpretations of carbonate-based paleotemperature reconstructions andestablish a framework for identifying and quantifying isotopic disequilibriumin terrestrial systems during past greenhouse climates."
"Lara Williams","Investigating deep critical zone structureusing landslide scars in the Taiwan Central Range","Lara Williams^{1}, Roman A DiBiase^{1, 2}","^{1} Department of Geosciences, The Pennsylvania State University, University Park, PA, USA\n^{2} Earth and Environmental Systems Institute, The Pennsylvania State University, University Park, PA, USA","The Critical Zone (CZ) is the near-subsurfacelayer that integrates rock, water, air, and biotic processes; it is wherebedrock is weathered and regolith is produced. The thickness of this weatheredzone is dependent on lithology, climate, and erosion rate. Models indicate thatweathering depths will be deeper in areas of slower erosion, as slower erosionrates will increase soil residence times and allow for deeper propagation ofweathering. However, it is difficult to isolate the influence of individual factors, and the lower boundary of the CZ is difficult to study as it is often beneathtens of meters of weathered material.\nTo address these challenges and isolate therole of erosion in determining weathering depth, I plan to examine landslidescars in the Central Range of Taiwan that provide a unique window into thesubsurface. The steep, rapidly eroding Central Range has a consistent climateand lithology, with landslides cutting directly into small patches of lowrelief topography found along the spine of the range. These landslide scarsoften expose the full depth of the weathered zone and extend into unalteredbedrock below. I plan to measure the depth of weathering in these scars usingaerial photography and high-quality drone imagery obtained in 2024 from Mt. Qilai from which I will build 3D models of the topography. By using the slopeof the low relief surfaces as a proxy for erosion rate, this will provide afirst-order sense of how weathering depth responds to erosion."
"Tsunami Sharmba","A Network Analysis of Administrative Callsand User Interdependencies in the Colorado River Basin","Tsunami Sharmba^{1}, Dr. Antonia Hadjimichael^{1}","^{1} Department of Geosciences, The Pennsylvania State University, University Park, PA, USA","The Colorado River sustains over 40 millionpeople, 5 million acres of cropland, and a $1.4 trillion economy across sevenU. S. states and Mexico. The basin faces mounting stress from chronicoverallocation, prolonged drought, and accelerating climate change. Initialwater allocations were based on flow estimates that exceeded actual averages byat least 3 million acre-feet, a structural deficit that has deepened as warmingtemperatures reduce snowpack and accelerate evaporation. As supply and demanddiverge, the basin is approaching a governance crisis that current frameworksare ill-equipped to address.\nUnder prior appropriation, senior water rightsholders place administrative calls that curtail junior users during scarcity. These calls are the operational backbone of the system, but the patterns theyproduce regarding who curtails whom, how often, for how long, and under whathydrological conditions, reveal how climate stress propagates unevenly across arigid, seniority-bound network of interdependent users. When one user's callrestricts another, that stress can trigger broader adaptive responses such aswater transactions, crop changes, and decisions that carry their own risks andtradeoffs. Understanding where those pressures concentrate and how they cascadeis essential for anticipating maladaptation before it locks in.\nThis research maps the structure of water userinterdependencies in the Colorado River Basin using administrative call recordsfrom the Colorado Division of Water Resources. By representing users as anetwork, this work identifies which users and reaches are most vulnerable tocascading curtailment and where the system is most delicate. These findingswill inform future efforts to build resilience into governance frameworks amida deeply uncertain and changing climate."
"Jackson Saftner","Low-Cost Monitoring of Inert Gas Stimulation with DAS","Jackson Saftner^{1}, Xinxin He^{2}, Tieyuan Zhu^{1}, Shimin Liu^{2}","^{1} Department of Geosciences, The Pennsylvania State University, University Park, PA, USA\n^{2} Department of Energy and Mineral Engineering, The Pennsylvania State University, University Park, PA, USA","High-density microseismic monitoring is aproven tool for stimulation verification and reservoir surveillance, butconventional campaigns typically require a dedicated monitoring well or a largesurface geophone array. Here, we evaluate distributed acoustic sensing (DAS) asa cost-effective alternative by analyzing a continuous dataset acquired duringan inert-gas (liquid CO₂) stimulation at an onshore well site near Olean, New York.\nThe dataset was recorded on a fiber arrayattached to the same wireline used to deploy the stimulation tool to the targetinterval. This single-well setup avoids an additional monitoring well and stillprovides dense, high-sensitivity measurements. In the continuous record, wecapture the stimulation pulse with high signal-to-noise ratio and a richpost-stimulation interval characterized by sustained changes in seismic energyand numerous broadband impulsive signals consistent with cracking or deformationepisodes.\nTo enable rapid diagnostics, we develop alightweight detection workflow based on multi-band energy attributes andSTA/LTA triggering. Applying the workflow, we identify 732 candidate impulsiveevents and track the post-stimulation event-rate evolution, finding an Omori-type decay similar to earthquake aftershocks. We then add a simplesource-location step to estimate first-pass locations for a subset ofdetections (58 events), providing stimulation-verification metrics thatindicate fracture propagation to approximately 50 m from the stimulation well."
"Gabriel Dos Santos","Distributed Sensing of Frost Quakes and Ice-Wedge Cracking in Utqiaġvik, Alaska","Gabriel Rocha dos Santos^{1}, Tieyuan Zhu^{1}","^{1} Department of Geosciences, The Pennsylvania State University, University Park, PA, USA","Ice wedge polygons are distinctive periglaciallandforms that result from repeated cycles of ground contraction and crackinfilling in permafrost terrains. However, the fracture events that initiatetheir growth remain poorly documented through direct field observations. Inthis study, we analyze thousands of short-duration seismic events recorded overtwo winters using continuous Distributed Acoustic Sensing (DAS) in Utqiaġvik, Alaska. These events display clear body wave arrivals followed by dominant surfacewave energy and broadband high-frequency content, suggesting shallow sourcesnear the fiber. We found a strong correspondence between peaks in seismicactivity and peaks in modeled ground thermal stress, derived from athermo-viscoelastic model constrained by Distributed Temperature Sensing (DTS) from a co-located fiber. These signals are interpreted as cryoseisms resultingfrom the thermal cracking of ice wedges during periods of intense groundcooling, commonly referred to as frost quakes. To investigate the spatialvariability of these events, we apply Matched Field Processing (MFP) using bothsurface and body wave arrivals. The resulting maps reveal evolving fracturepatterns across the tundra surface. In addition, we performed source mechanisminversion on a subset of near-field events to investigate whether theirwaveforms can be used to infer rupture orientation or mode. Our resultsdemonstrate the utility of DAS and DTS for detecting and characterizingthermally induced fracturing in permafrost. By combining seismic and thermalanalyses, we provide new insights into the seasonal evolution of subsurfacecracking and ice wedge development in a rapidly changing Arctic climate."
"Dayang Zhou","Listening to Arctic Sea Ice: Seismic Tremors as a Proxy for Ice Strength","Dayang Zhou^{1}, Gabriel Rocha dos Santos^{1}, Jackson Saftner^{1}, Tieyuan Zhu^{1}","^{1} Department of Geosciences, The Pennsylvania State University, University Park, PA, USA","Sea ice is a critical component of the polarsystem, supporting Arctic ecosystems and coastal communities, reflecting asubstantial fraction of incoming solar radiation, and attenuating ocean waveenergy by acting as a mechanical buffer along coastlines. Under ongoing climatewarming, Arctic sea-ice extent has declined rapidly. Reduced ice coverincreases coastal exposure to wave forcing, accelerating erosion andheightening the vulnerability of infrastructure and communities. Monitoringnearshore sea-ice stability is therefore essential for assessing coastalhazards and environmental change in the Arctic.\nIn contrast to remote sensing methods, whichtypically provide spatial resolutions of tens of kilometers and temporalresolutions of days to weeks, seismic observations offer continuous, high-temporal-resolution monitoring that operates reliably through polar nightand severe weather. Seismic data are particularly sensitive to mechanical iceprocesses that are difficult to observe directly. Interactions between driftingpack ice and landfast ice generate distinctive harmonic tremor signals that canbe separated from other seismic sources. In this study, we investigate thephysical processes responsible for these harmonic features and explore theirrelationship to landfast-ice extent through analysis of fundamentalfrequencies.\nTo enable systematic detection, we apply amachine learning approach based on YOLO (You Only Look Once) to identifyharmonic signals in the time–frequency domain. The detected events exhibitclear seasonal variability, suggesting strong links to the evolving state ofnearshore sea ice. These results demonstrate the potential of seismicmonitoring combined with machine learning to provide new constraints on coastalsea-ice dynamics."
"Young Kim","Assessing Post‑Collapse Flank Instabilityat Anak Krakatau Using Satellite Remote Sensing","Young Cheol Kim^{1}, Christelle Wauthier^{1, 2}, Thomas R. Walter^{3}, Semeidi Husrin^{4}, Herlan Darmawan^{5}, Daniel Müller^{3}","^{1} Department of Geosciences, The Pennsylvania State University, University Park, PA, USA\n^{2} Institute for Computational and Data Science, The Pennsylvania State University, University Park, PA, USA\n^{3}GFZ German Research Centre for Geosciences, Helmholtz Centre Potsdam, Telegrafenberg Potsdam, Germany\n^{4} The National Research and Innovation Agency (BRIN), Indonesia, Jakarta, Indonesia\n^{5} Laboratory of Geophysics, Department of Physics, Facultyof Mathematics and Natural Sciences, Universitas Gadjah Mada, Yogyakarta, Indonesia","Anak Krakatau Volcano, Indonesia, experienceda major flank collapse on December 22, 2018, generating a tsunami that causedsignificant casualties. Prior InSAR studies showed more than a decade ofinstability on the southwest flank. This study investigates whether instability continued after the 2018 event. We used ALOS-2 and Sentinel-1 data spanning2019 to 2024. Due to ongoing eruptive activity and surface changes, threeseparate time-series were generated to ensure enough reliable pixels for InSARtime-series analysis. The key focus area was the southwest part of Anak Krakatau, where faster movement was observed prior to the collapse and most ofthe newly erupted material had accumulated.\nPost-collapse displacements show a stronggradient that aligns with fractures observed in drone imagery. To betterinterpret motion, we decomposed the InSAR time series into vertical andeast–west components, excluding the north–south direction due to lowsensitivity. The vertical displacement shows an exponential decay pattern, interpreted as compaction and consolidation of fresh deposits. To avoid thissignal dominating source modeling, we limited geodetic modeling to laterintervals of the time series. These displacements were then used in rectangulardislocation inversions to characterize the subsurface processes controllingpost-collapse deformation."
"Sierra Melton","Enhanced Grounding Zone Stresses at an Ice Cliff Compared to at a Freely Spreading Ice Shelf","Sierra Melton^{1}, Byron Parizek^{1, 2}, Richard Alley^{1}, Sridhar Anandakrishnan^{1}","^{1} Department of Geosciences, and Earth and Environmental Systems Institute, Pennsylvania State University, University Park, PA, USA\n^{2} Mathematicsand Geoscience, Pennsylvania State University, DuBois, PA, USA","Ice stored in the Greenland and Antarctic Ice Sheets largely flows to the ocean through fast-flowing outlet glaciers and icestreams, forming floating ice shelves when it crosses the grounding zone. Iceshelves are susceptible to melting, rifting, and collapse, which has beenobserved to speed flow of non-floating ice and to expose grounded ice cliffsthat can retreat rapidly by iceberg calving, raising sea level. Most ice sheetmodels do not simulate coupled ice-shelf loss and calving-cliff retreat becauseof difficulty in modeling the governing processes at suitable spatiotemporalresolutions and parameterizing the sub-gridscale physics involved in thesetransition regions. With the Ice-sheet and Sea-level System Model (ISSM), wecompare the 3D grounding zone stresses for a freely spreading ice shelf withthose at an ice cliff for an idealized outlet glacier. At an ice cliff, lack ofsupport from any further glacial ice in the down-flow direction causes a stressimbalance, compensated for by enhanced englacial stresses. These enhancedstresses should speed rates of glacial thinning and retreat for an ice cliffcompared to a freely spreading shelf because they are occurring within thegrounding zone rather than within the distal zones of the attached ice shelf. Even a freely spreading ice shelf underestimates cliff stresses by shiftingstresses from the grounding line to the front of the shelf. Our results willultimately help represent ice-cliff retreat more accurately in ice sheet modelsto improve sea-level rise projections."
"Noshin Sharmili","Exploring the Depositional & Erosional Morphology of Jezero Crater","Noshin Sharmili^{1}, Liz Hajek^{1}, Kathryn Stack Morgan^{2}, Ben Cardenas^{1}, Libby Ives^{3}","^{1} Department of Geosciences, The Pennsylvania State University, University Park, PA, USA\n^{2}NASA Jet Propulsion Laboratory, Pasadena, CA\n^{3} Michigan Geological Survey, Kalamazoo, MI","The Jezero crater western fan, an explorationsite of the Mars 2020 Perseverance rover, contains a record ofpaleoenvironmental conditions, sedimentary processes, and potentialbiosignatures. It has generally been assumed that the modern shape and extentof the Jezero western fan is the result of the interplay between a deltaicdeposit and billions of years of wind erosion on the Martian surface. Finegrained facies such as silt and clay would have been preferentially removed bywind erosion while rocks made of sand and gravel would have been more likely tobe preserved.\nHowever, this hypothesis is not consistentwith the modern shape and extent of the Jezero western fan. Specifically, thescarp that defines the current extent of the western fan is abrupt and does notcoincide with a downstream decrease in grain size. Instead, observations madeduring Perseverance’s traverse across the crater floor and the Jezero craterwestern fan suggest that the strongest control on the present shape of the fanis the spatial distribution of a sandstone- and boulder-bearing sequence (“the Upper Fan group”) that is unconformably overlain on underlying fluvial anddeltaic sediments and absent on crater floor. Boulders are impervious to winderosion and would essentially armor any underlying sedimentary rocks fromerosion. This study employed numerical models to investigate the factorscontributing to the preservation of Jezero Crater’s western fan morphology andto understand the erosion rates affecting its formation and evolution. Theexperiments tested the hypothesis that the fan's shape was originally inheritedfrom the lower Otis Peak Formation and later preserved by the erosion-resistantigneous boulder deposits of the upper Otis Peak Formation."
"Caleb Norville","Impacts of Fire and Solar Radiation on Afroalpine Vegetation in the Rwenzori Mountains","Caleb Norville^{1}, Sarah Ivory^{1, 2}","^{1} Department of Geosciences, The Pennsylvania State University, University Park, PA, USA\n^{2}EESI, The Pennsylvania State University, University Park, PA, USA","Previous work has elucidated the responses of Rwenzori Mountains Afroalpine vegetation to Holocene temperature andprecipitation changes, suggesting that Afroalpine ecologies may be moreinsulated from the impacts of increasing temperature than lower Afromontaneforest communities. Precipitation changes over the Holocene seem to correlatemore closely to observed changes in vegetation recorded by pollen preserved in Afroalpine lakes. However, a large portion of the variance in the pollen dataremains unexplained by these climate factors, necessitating the examination ofother environmental or ecological factors as potential drivers of vegetation. Fire has been proposed as a major catalyst for rapid vegetation change in the Afroalpine zone, especially following a large wildfire in 2012. However, recentwork has suggested that large Afroalpine fires were rare to absent across mostof the Holocene, making the 2012 event unprecedented over the past 13 ka. Ongoing work is focused on understanding the record of vegetation response tothis localized recent fire event.\nAfroalpine elevations produce harsh conditionsfor plants, where frequent cloud cover and frost limits plant growth, and highUV-B influxes necessitate adaptations to this damaging solar radiation. Plantsactively respond to changing UV-B influxes during the growing season byregulating their production of protective UV-B absorbing compounds (UACs) whichhave been shown to be well preserved within fossil pollen grains. These UACs inselected pollen taxa can be quantified using micro-FTIR spectroscopy, providinga pollen-based proxy for paleo UV-B influx. Changes in fossil pollen UACs cantrack orbitally controlled changes in solar insolation; however, the impacts ofUV-B blocking cloud cover have yet to be examined. Ongoing work is focused ondetermining whether changes in cloud cover associated with the termination ofthe African Humid Period can be observed in fossil Afroalpine pollen, potentially providing a novel proxy for paleo cloud cover."
"Eric Hasegawa","The effect of ring substitutions onaromatic carboxyl oxygen isotope geochemistry and applications tomacromolecular systems","Eric Hasegawa^{1}, Jason Boettger^{2}, Katherine Dawson^{3}, Katherine Freeman^{1}, Max Lloyd^{1}","^{1} Department of Geosciences, The Pennsylvania State University, University Park, PA, USA\n^{2} North Carolina Department of Environmental Quality, Raleigh, NC, USA\n^{3} Department of Environmental Sciences, Rutgers University, Newark, NJ, USA","The position-specific oxygen isotopegeochemistry of macromolecules such as lignin, kerogen, or meteoritic insolubleorganic matter (IOM) can give insight into the origins and reaction pathways ofdifferent functional groups. These functional groups are dominantly associatedwith aromatic moieties in the macromolecular structures. However, it is unclearif and how functional group electronic properties differ due to substitutionson aromatic rings and how they result in different isotope geochemistry. An exampleis the oxygen exchange chemistry that can occur on an aromatic carboxyl groupsuch as the one found in benzoic acid. In this case, the carbon is sp^{2}hybridized, which links the oxygen to the larger aromatic framework. We aim toanswer the question: how do additional ring substitutions change the oxygenisotopic exchange chemistry at the carboxyl site, and how does this affect ourinterpretation of carboxyl group chemistry in natural samples? Initial densityfunctional theory modeling suggests little to no difference in fractionationfactors, and we follow these studies with physical equilibration experimentsusing methods developed in our previous study of phenol-water oxygen exchange. We reacted benzoic acid and vanillic acid with waters of known oxygen isotopiccompositions at elevated temperatures, and we injected these solutions into ourelectrospray ionization-Orbitrap mass spectrometer to determine oxygenequilibrium fractionation factors (the difference between an equilibratedcarboxyl group’s isotopic composition and the water’s isotopic composition) forthese two molecules. Carboxyl groups can exchange their oxygen in low pHconditions, and therefore their isotopic composition, once corrected with afractionation factor, will likely represent the isotopic composition of thelast acidic alteration fluid to which they were exposed. The impact ofadditional aromatic functional groups will be used as an analog to betterunderstand the impact of aromatic linkages in macromolecular frameworks."
"Erik Schoonover","Linking Arc Granitoids to Ore Deposits through Fluid–Melt–Rock Interactions","Erik Schoonover^{1}, Cole J. Stern^{1}, Renan Beckman^{1}, Rory Changleng^{1}, Evan Ritchey^{1}","^{1} Department of Geosciences, The Pennsylvania State University, University Park, PA, USA","Rising demand for key metals has placedincreased focus on discovering new deposits in Earth's crust. Resources, suchas Fe, Cu, and the rare earth elements, are fundamental for infrastructure, energy systems, and national security. Generating deposits large enough to beeconomically viable requires efficient crustal processes that mobilize andconcentrate these metals of interest. Investigating the mechanisms ofore-forming processes is important, particularly, for developing newexploration targets and reducing the economic costs associated with orediscovery and characterization. Crustal ore deposits provide a partial view ofthese processes because they are the final product of multistage, complexprocesses. Deposits are often overprinted by successive mineralization events, strongly modified by post-emplacement alteration, and their source rocks arerarely preserved or exposed. As a result, the physical and chemical mechanismsof ore formation are difficult to observe directly.\nBridging this gap in deposit formationrequires shifting focus from the mineralized deposits to the magmaticenvironments that generate them. Two major deposit types that supply strategicand critical elements are iron oxide-apatite (IOA) and iron oxide-copper-gold (IOCG) deposits. These deposits are exemplar models for metal concentration andmobilization from arc magmas. Competing models for these deposits suggesteither that enrichment occurs through separation of an Fe-rich immiscible meltor through Cl-rich fluid flux that sequester metals from a crystal-rich magma. Therefore, without source context, the interactions and relative rolesof fluid, melt, and magmatic rocks during metal concentration remainsunresolved.\nMy current hypothesis is that metal-enriched, channel-like features in arc granitoids represent the preserved record of metalmobilization during the magmatic-hydrothermal transition.\nThese featurescould provide a means to directly link late-stage arc magmatism withore-forming processes. The Tuolumne Intrusive Suite (TIS), CA, USA is an idealsetting, enabling clear observation of the parameters governing fluid-melt-rockinteraction during the metal mobilization."
"Emma Hartke","Holoceneclimate changes, ecosystem conditions & early human activity in the Central Mediterranean: a multi-proxy investigation","Emma Hartke^{1}, Kate Freeman^{1}, Miquela Ingalls^{1}, Melissa Berke^{2}","^{1} Department of Geosciences, The Pennsylvania State University, University Park, PA, USA\n^{2} Civil and Environmental Engineering and Earth Sciences, Notre Dame University, Notre Dame, IN, USA","Holocene records of environmental changecapture the interrelated evolution of climate, ecosystems, and early humanactivity, especially as societies in the Central Mediterranean transitionedtoward increasingly settled agropastoral lifestyles during the Middle Holocene. Disentangling the relative influences of postglacial climate variability andanthropogenic landscape modification remains challenging, particularly in thisclimatically sensitive region. Continuous sedimentary records from bothterrestrial and marine archives were analyzed using multiple biogeochemical andclimate proxies to reconstruct these parameters and relationships in the Central Mediterranean.\nThis work integrates organic (lipid biomarker, compound-specific isotope) and carbonate clumped isotope analyses fromterrestrial (coastal Croatian lake) and marine (Aegean Sea) sediment cores toassess changes in vegetation dynamics, fire activity, human lifestyles, temperature, and hydroclimate across the Central Mediterranean. Together, theserecords capture coupled ecological, climatic, and human-driven changes acrossthe Holocene (11, 700 kyrs–present), a period for which regional paleoclimatedata remain sparse.\nTerrestrial biomarker results (*{n}-alkanes, PAHs, fecal stanols, GDGTs) spanning the Middle Holocene indicate intensifyinghuman activity coincident with wetter regional conditions, the combination ofwhich led to a temporary, localized enhancement of microbial activity. Tocontextualize these results within the regional climate space, we appliedproxies for temperature (GDGTs, carbonate clumped isotopes) and hydrology (compound-specific hydrogen isotopes) to both our terrestrial and marinerecords. Results indicate a warming, drying trend throughout the Holocene, withthe Middle Holocene a ‘transitional’ period tentatively punctuated byalternating wet/dry cycles. Ongoing hydrogen isotope analyses will betterconstrain the role of changing hydroclimate conditions on landscape evolutionand human activity in the Central Mediterranean.\nBy pairing biogeochemical indicators ofclimate variability, ecosystem conditions, and early human activity, this study1) provides a pathway for tracing the spatiotemporal evolution of humanlifestyle modes during a period of transitional climate dynamics, and 2) highlights the sensitivity of Central Mediterranean landscapes to even modestclimatic perturbations and anthropogenic impacts, offering a long-termperspective essential for assessing future environmental change in this rapidlywarming, drying region."
"Juliana Drozd","Lipid Carbon Isotope Patterns as Metabolicand Environmental Proxies","Juliana Drozd^{1}, Katherine Freeman^{1}, Elliott Mueller^{2}","^{1} Department of Geosciences, The Pennsylvania State University, University Park, PA, USA\n^{2} Department of Geological Sciences, University of Colorado Boulder, Boulder, CO, USA","The chemical structures and stable isotopecompositions of lipids preserved in the rock record, known as biomarkers (molecular fossils), serve as proxies for properties that can be used toreconstruct past ecology and climates. Reconstructions based on biomarkerproxies rely on knowledge of how organisms, specifically primary producers, change their lipid production in response to growth conditions. Metabolicregulation triggered by environmental change is difficult to assess with thebiomarker record. However, differences in the carbon isotope compositionsbetween different types of lipids potentially capture signs of metabolicregulation because the flux of metabolites through branch points inbiosynthetic pathways can control the expression of isotope effects by enzymes. Fluxes are regulated in response to an organism’s needs and its environmentalconditions but are also subject to constraints from the organism’s physiology, including the compartmentalization of eukaryotic cells. We used metabolic reactionnetwork isotopologue modeling and comparison to existing datasets to assessthese signatures for green algae, haptophyte algae, cryptomonad algae, anddiatoms. In many algae, fatty acid biosynthesis is upregulated due toenvironmental stresses like temperature changes and nutrient starvation. Thisresults in a decreased difference in the carbon isotope compositions of fattyacids and phytol, an important isoprenoid lipid. For green algae, sterolbiosynthesis is co-regulated with fatty acid biosynthesis, which results insterols becoming ^{13}C-enriched relative to phytol when the algae areunder environmental stress. We can potentially use the differences in the δ^{13} Cvalues of different types of lipids as a proxy for environmental stress-inducedmetabolic regulation in eukaryotic algae. These findings for modern algalcultures might be able to be expanded to the biomarker record to spotpaleoenvironmental conditions that would have stressed ancient algalpopulations."
"Em White","Reworking of Hadean crust: Evidence from µ^{142} Ndanomalies in later Archean crust","Emily L. White^{1}, Michelle Jordan^{2}, Steven B. Shirey^{2}, Timothy Mock^{2}, D. Graham Pearson^{3}, William J. Davis^{3}, Jesse R. Reimink^{1}","^{1} Department of Geosciences, The Pennsylvania State University, University Park, PA, USA\n^{2} Earth and Planets Laboratory, Carnegie Institution for Science, Washington, DC, USA\n^{3} Department of Earth and Atmospheric Sciences, University of Alberta, Edmonton, AB, Canada\n^{4} Natural Resources of Canada, Geological Survey of Canada, Ottawa, ON, Canada","Earth’s dynamic lithosphere sets it apart fromother observable silicate planetary bodies, as it features active andmobile-lid plate tectonics. However, the evolution/onset of these modern-styledplate tectonics, which have shaped Earth into the habitable world it is today, remains a fundamental and widely debated topic in the Earth sciences. The rateof net-continental growth throughout Earth history is required to evaluate theevolution of these geodynamical processes. One consequence of tectonics is howover billions of years of Earth history the continental crust is often altered, overprinted, and/or reworked. This has led to a paucity of ancient crustalmaterial preserved at the surface, limiting our record of Earth’s earliestcontinental crust and making it difficult to evaluate crustal growth throughtime. However, developments in high-precision whole-rock analysis of theshort-lived ^{146} Sm-^{142} Nd isotopic system allow us to traceanomalous signatures of ancient precursors in the products of later magmatism, enhancing this record.\nThe Slave Craton (Canadian Shield) hostsexcellent candidates for observing ancient crustal reworking, due to itsnear-constant record of episodic Archean crustal growth. It features 4020-2850Ma gneisses in the Central Slave Basement Complex (including the oldest knownzircon-bearing rock in its Acasta Gneiss Complex) and in the Tree River region. Additionally, 2650-2580 Ma granitoids occur across the province, with previousPb-isotope and long-lived Nd-isotope data indicating derivation from both ancientand juvenile sources. We present µ^{142} Nd (^{142} Nd/^{144} Ndnormalized to the bulk terrestrial composition) values of fourteen Neoarcheanand Meso- to Eo-Archean gneisses from across the Slave Craton. Our resultsdocument a more widespread presence of Hadean signatures in Eoarchean crustthan previously reported (ca. -16 ppm µ^{142} Nd), and some anomalous Neoarchean granitoids suggesting possible derivation from ancient crustalreworking. These results will test for widespread reworking of Hadeancontinental crust, improving our understanding crustal growth through time."
"Rory Changleng","Disentangling Polygenetic Zircon Populations from Archaean Gneisses Reveals a New Eoarchaean Terrane","Rory Changleng^{1}, Erik J. Schoonover^{1}, Cristy Stoian^{1, 2}, JoshuaM. Garber^{1, 3}, D. Graham Pearson^{4}, Yan Luo^{4, 5}, Jesse R. Reimink^{1}","^{1} Department of Geosciences, Pennsylvania State University, PA, USA\n^{2} Department of Geology, Colorado School of Mines, CO, USA\n^{3} School of Earth and Environmental Sciences, University of St Andrews, St Andrews, UK\n^{4} Department of Earth and Atmospheric Sciences, University of Alberta, Edmonton, AB, Canada\n^{5} Ken Williams Radiogenic Isotope Geoscience Laboratory, Texas A&M University, College Station, TX, USA","A principal limitation of our understandingof the early Earth is the paucity of samples preserved from this time. Only around a dozen locations worldwide retain crust from the Eoarchaean(>3.6 Ga), and the true ages of many of these ancient vestiges of our planetremain hotly debated. One of the best recorders of crustal formation andalteration events is the mineral zircon. However, distinguishing betweenmultiple igneous and metamorphic events experienced by a zircon populationwithin an Archaean gneiss defines a critical question: how old is this rock?\nEach tract of ancient crust discovered carriesa disproportionate significance in shedding light on the magmatic andgeodynamic conditions shaping our planet's earliest evolution. Consequently, careful evaluation is required when assessing whether a terrane preserves suchancient lithologies. We present a new U-Pb zircon geochronology from threebasement gneisses from the Eokuk Uplift, northwest Slave Craton. This regionrepresents an excellent target to search for new remnants of old crust due tosuperb outcrop exposure, proximity to the 4.03 Ga Acasta Gneiss Complex, andits relatively understudied nature resulting from its remote Arctic setting.\nAll three gneisses are complex andpolydeformed, with zircon age populations spanning more than 500 million years. We employ depth-profile analysis to target zircon rim domains and integratethese data with cathodoluminescence SEM imaging to aid in interpretingconventional LA–ICP–MS spot analyses. This combined approach allows us toreconstruct zircon crystallisation and alteration histories for each sample.\nAlthough Eoarchaean-aged zircons occur in allthree gneisses, only one sample preserves a primary igneous zircon populationrecording the original crystallisation age of the host rock. At 3.81 Ga, thissample demonstrates that Eoarchaean crust is more widespread within the Slave Craton than previously recognised, significantly expanding the materialavailable for studying the earliest chapters of Earth’s history."
"Fran Meyer","Oxidized uranium in organic-rich shalesfrom reducing environments","Fran Meyer^{1}, Anthony Chappaz^{2}, Dan Gregory^{3}, Eve Carrothers^{3}, Erik Sperling^{4}, Justin Strauss^{5}, Lucien Nana Yobo^{6}, Kimberly Lau^{1}","^{1} Department of Geosciences, The Pennsylvania State University, University Park, PA, USA\n^{2} Department of Earth and Atmospheric Sciences, Central Michigan University, Mount Pleasant, MI, USA\n^{3} Department of Earth Sciences, University of Toronto, Toronto, ON, CA\n^{4} Department of Earth and Planetary Sciences, Stanford University, Stanford, CA, USA\n^{5} Department of Earth Sciences, Dartmouth College, Hanover, NH, USA\n^{6} Department of Geology and Geophysics, Texas A&M University, College Station, TX, USA","The availability of oxygen in the Earth’sancient ocean and atmosphere is a key parameter for understanding Precambrianand Paleozoic biotic evolution and nutrient cycling. Due to the lack of directoxygen measurements in deep time, we must turn to the geochemical signaturespreserved in the sedimentary record. The enrichments and isotope ratios ofredox-sensitive elements deposited in marine basins, like U, provide a way toreconstruct changes in ocean oxygen availability. However, these proxies rely onmany unverified assumptions of how their solubility, speciation, and burial arecontrolled by redox conditions. Currently, interpreting U in reducing marineshales as a paleo-redox proxy assumes that burial and isotope fractionation areonly associated with the reduction of U (VI) to U (IV), and sequestration ofU (VI) and U (V) is negligible. Yet, the burial pathways and speciation of U inreducing marine environments still need to be defined. Without characterizingthe oxidation states or phase associations of U in marine shales, interpretations of the U-based proxies remain uncertain.\nIn this study, we use synchrotron-based X-rayfluorescence imaging and spatially resolved X-ray absorption near edgespectroscopy (XANES) at the U L3-edge paired with high energy resolutionfluorescence detection XANES at the U M4-edge to determine the spatialdistribution and speciation of U in marine shales from multiple localities andtime intervals. Samples included outcrop and drill core shales from the Cretaceous Eagle Ford Group, the Devonian Marcellus Formation, and the Ordovician Road River Group. XANES spectra at both the U L3- and M4-edgesuggest that three U oxidation states (IV, V and VI) are present, despite proxydata suggesting anoxic depositional settings. The ubiquitous presence of U (V) and U (VI) in marine shales from reducing environments adds new understanding ofthe U marine cycle and challenges the current use of U as a paleo-redox proxy."
"Hanna Leapaldt","Signatures of microbial carbon cyclingin magnesium carbonate minerals","Hanna C. Leapaldt^{1}, Tori C. Cassady^{2}, Frank A. Corsetti^{2}, Miquela Ingalls^{1}","^{1} Department of Geosciences, The Pennsylvania State University, Pennsylvania, 16802, USA\n^{2} Department of Earth Sciences, University of Southern California, California, 90089, USA","Magnesium carbonate minerals have beenidentified in the Jezero Crater paleolake basin on Mars and have been collectedby *{Perseverance} to be evaluated for potential biosignatures. However, there is not yet a diagnostic set of textural, geochemical, and isotopiccharacteristics that can distinguish biotic from abiotic magnesium carbonateminerals. We compared magnesium carbonate samples that form biotically – frommicrobial mats and shallow sediments in two hyperalkaline lake/playa systems in British Columbia (South Atlin Playa and Alberta Lake) – to those formingabiotically from carbonation of serpentinite in bedrock. We used a novelisotope system (dual-clumped isotopes; Δ_{47}-Δ_{48}) andhypothesized that biological carbon cycling within the microbial mats willcause kinetic isotope effects resulting in Δ_{47}-Δ_{48}disequilibrium signatures. We measured the Δ_{47}and Δ_{48}values every 5 cm of 15 cm cores through the microbial mats as well as from thesubsampled bedrock. All microbial mat cores revealed the same, distinctivetrend with depth: the Δ_{47}-Δ_{48} values of samples in theupper 5 cm of the cores within microbial mat, where we expect activecyanobacterial photosynthesis, yielded the largest offset from the Δ_{47}-Δ_{48}theoretical equilibrium. The microbial mat sample Δ_{47}-Δ_{48}values yield disequilibrium signatures expected for association withphotoautotrophy. We interpret the observed values to be a signature ofcyanobacterial photosynthesis at the mat surface causing CO2 degassing, leadingto the observed -Δ_{47}/+Δ_{48} kineticisotope effects. Fluorescently labelled embedded core images from the upper 5cm at both locations reveal cellular material incorporated into the fabric ofthe sediment, providing evidence of a microbial control on carbon cycling. Ifsuch kinetic isotope effects are absent from abiotically formed magnesiumcarbonate minerals, dual-clumped isotopes can provide a tool to help identifybiogenicity of magnesium carbonate minerals when paired with other evidencelike textural analysis."
"Eddie Spagnuolo","From aquatic ferns to rainforest trees: Thefirst plant macrofossils from the early Eocene Ghazij Formation record adiverse flora and associated insect herbivory on the Indian Subcontinent","Edward J. Spagnuolo^{1}, Peter Wilf^{1}, P. J. Przybylski^{1}, L. Alejandro Giraldo^{1}, Munir ul-Haq^{2}, Scott L. Wing^{3}, William C. Clyde^{4}","^{1} Department of Geosciences, Pennsylvania State University, University Park, Pennsylvania, 16802, USA.\n^{2} Geological Survey of Pakistan, Islamabad, Pakistan.\n^{3} Department of Paleobiology, National Museum of Natural History, Smithsonian Institution, Washington DC, 20560, USA.\n^{4} Department of Earth Sciences, University of New Hampshire, Durham, New Hampshire, 03824, United States.","Well-dated plant fossils from tropical Asiaare rare, limiting understanding of how and when this region attained itsfloral composition and high species richness. Here, we report the first plantmacrofossils and associated insect damage from the early Eocene Ghazij Formation (Balochistan, Pakistan), well known for its mammalian faunas thatdocument early biotic interchange associated with the India (Indo-Pakistan)-Asia collision. The macrofossils were collected from 15 sitesfrom the middle and upper Ghazij, totaling 420 compression specimens, primarilyof leaves, dating to the early Eocene Climatic Optimum (EECO). The flora has anestimated 40 species, dominated by Sapindaceae (maple, lychee family) leafletsaffiliated to the rainforest tree *{Pometia}, and multiple Fabaceae (legumefamily) and Arecaceae (palm) morphotypes. The *{Pometia-}like leaflets arethe oldest macrofossils potentially affiliated to the genus and would supportits proposed Indian biogeographic history based on prior pollen data. Rarermorphotypes include Menispermaceae (moonseeds), possible Rhamnaceae (buckthorns), possible *{Calophyllum, }Araceae (*{Monstera} family), *{}and the aquatic ferns *{Acrostichum }and*{ Salvinia}.Insect-feeding damage is diverse and abundant, totaling 47 damage types (DTs), including nine hole feeding DTs, seven piercing and sucking DTs, 13 gall DTs, and six mines. Adjusted for sample size, the Ghazij flora has some of thehighest herbivory levels in the fossil record (although mining is rare), providing novel information about tropical plant-animal interactions during theEECO."
"Dani Buchheister","The iron-sulfur world in a bottle: FeS_{2}formation in microbial enrichment cultures","Dani Buchheister^{1}, Kenneth Broad^{2}, Nadir Quarta^{3}, Julie Cosmidis^{4}, Jennifer Macalady^{1}","^{1} Department of Geosciences, The Pennsylvania State University, University Park, PA, USA\n^{2} Department of Environmental Science and Policy, University of Miami, Coral Gables, FL, USA\n^{3}QUARTADimensione, Switzerland\n^{4} Department of Earth Sciences, University of Oxford, Oxford, UK","The Frasassi cave system in central Italyhosts a permanently stratified sulfidic aquifer with a shallow microoxic zoneand a deeper anoxic zone. The deep aquifer lacks most of the oxidants used forrespiration by surface life, and has sulfate concentrations of approximatelyone-eighth of marine, making it a promising analog for Proterozoic oceans. Biofilms in the deep aquifer contain abundant pyrite (FeS, ) mineral grains anda treasure trove of microbial “dark matter, ” microorganisms with only distant relativesin public databases. There are multiple formation pathways for FeS2, and therole that microbes play in iron sulfide mineral nucleation and crystal growthis the topic of ongoing debate.\nIn February 2023, Frasassi deep aquiferbiofilms were retrieved to inoculate enrichment cultures targeting a “missing”metabolism–Wächtershäuser’s proposed pyrite- and hydrogen-producing metabolismthat reacts iron sulfide (FeS) with hydrogen sulfide. After a year ofincubation, clusters of cells and microspheroidal mineral grains were observedwith transmitted light and epifluorescence microscopy. Further imaging andmineral analyses were performed using Raman spectroscopy and SEM-EDS. DNAextracted from the biofilm (inoculum) and the enrichment cultures were analyzedusing 16S rRNA amplicon sequencing to determine the taxonomy of the majorpopulations. Metagenomic sequences were also obtained for the enrichmentculture. Raman and SEM-EDS data indicate the presence of FeS_{2} in theenrichment culture bottles but not in the abiotic controls. FeS_{2}mineral grains are microspheroidal but do not look like microbially-mediatedpyrite produced in other laboratory studies. The enrichment communities showchanges in taxonomic structure from the native biofilm and are much lessdiverse. Known sulfur cyclers are abundant in the bottles, yielding clues tothe potential role of the enrichment microbes in FeS_{2} formation."
